[
  {
    "id": 1364,
    "pid": 60,
    "text": "框架简介",
    "state": "closed",
    "iconCls": "fa fa-folder",
    "url": ""
  },
  {
    "id": 214,
    "pid": 60,
    "text": "页面布局",
    "state": "closed",
    "iconCls": "fa fa-folder",
    "url": ""
  },
  {
    "id": 215,
    "pid": 60,
    "text": "表单组件",
    "state": "closed",
    "iconCls": "fa fa-folder",
    "url": ""
  },
  {
    "id": 658,
    "pid": 60,
    "text": "表格组件",
    "state": "closed",
    "iconCls": "fa fa-folder",
    "url": ""
  },
  {
    "id": 659,
    "pid": 60,
    "text": "菜单按钮",
    "state": "closed",
    "iconCls": "fa fa-folder",
    "url": ""
  },
  {
    "id": 660,
    "pid": 60,
    "text": "图形报表",
    "state": "closed",
    "iconCls": "fa fa-folder",
    "url": ""
  },
  {
    "id": 661,
    "pid": 60,
    "text": "扩展组件",
    "state": "closed",
    "iconCls": "fa fa-folder",
    "url": ""
  }
]