[
  {
    "id": 1350,
    "pid": 1325,
    "text": "综合演示",
    "state": "closed",
    "iconCls": "fa fa-heartbeat",
    "url": ""
  },
  {
    "id": 1327,
    "pid": 1325,
    "text": "表单组件",
    "state": "closed",
    "iconCls": "fa fa-bank",
    "url": ""
  },
  {
    "id": 1328,
    "pid": 1325,
    "text": "表格和树",
    "state": "closed",
    "iconCls": "fa fa-table",
    "url": ""
  },
  {
    "id": 1329,
    "pid": 1325,
    "text": "菜单按钮",
    "state": "closed",
    "iconCls": "fa fa-list",
    "url": ""
  },
  {
    "id": 1330,
    "pid": 1325,
    "text": "图形报表",
    "state": "closed",
    "iconCls": "fa fa-bar-chart",
    "url": ""
  },
  {
    "id": 1331,
    "pid": 1325,
    "text": "扩展组件",
    "state": "closed",
    "iconCls": "fa fa-map",
    "url": ""
  }
]