[
  {
    "id": 201,
    "pid": 215,
    "state": "open",
    "iconCls": "",
    "text": "表单",
    "url": "http://www.topjui.com/guider.html"
  },
  {
    "id": 202,
    "pid": 215,
    "state": "open",
    "iconCls": "",
    "text": "验证框",
    "url": "http://www.topjui.com/guider.html"
  },
  {
    "id": 203,
    "pid": 215,
    "state": "open",
    "iconCls": "",
    "text": "文本框",
    "url": "http://www.topjui.com/guider.html"
  },
  {
    "id": 204,
    "pid": 215,
    "state": "open",
    "iconCls": "",
    "text": "下拉选择",
    "url": "http://www.topjui.com/guider.html"
  },
  {
    "id": 205,
    "pid": 215,
    "state": "open",
    "iconCls": "",
    "text": "日期选择",
    "url": "http://www.topjui.com/guider.html"
  },
  {
    "id": 206,
    "pid": 215,
    "state": "open",
    "iconCls": "",
    "text": "数值输入",
    "url": "http://www.topjui.com/guider.html"
  },
  {
    "id": 207,
    "pid": 215,
    "state": "open",
    "iconCls": "",
    "text": "时间微调",
    "url": "http://www.topjui.com/guider.html"
  },
  {
    "id": 208,
    "pid": 215,
    "state": "open",
    "iconCls": "",
    "text": "树形下拉",
    "url": "http://www.topjui.com/guider.html"
  },
  {
    "id": 209,
    "pid": 215,
    "state": "open",
    "iconCls": "",
    "text": "自动完成",
    "url": "http://www.topjui.com/guider.html"
  },
  {
    "id": 210,
    "pid": 215,
    "state": "open",
    "iconCls": "",
    "text": "查找带回",
    "url": "http://www.topjui.com/guider.html"
  }
]