[
  {
    "id": 1346,
    "pid": 214,
    "state": "open",
    "iconCls": "",
    "text": "页面布局说明",
    "url": "http://www.topjui.com/guider.html"
  },
  {
    "id": 1348,
    "pid": 214,
    "state": "open",
    "iconCls": "",
    "text": "引用外部页面",
    "url": "http://www.topjui.com/guider.html"
  },
  {
    "id": 1347,
    "pid": 214,
    "state": "open",
    "iconCls": "",
    "text": "内置icon图标",
    "url": "http://www.topjui.com/guider.html"
  }
]