[
  {
    "id": 220,
    "pid": 1327,
    "state": "open",
    "iconCls": "",
    "text": "时间轴",
    "url": "./html/extend/timeaxis.html"
  },
  {
    "id": 221,
    "pid": 1327,
    "state": "open",
    "iconCls": "",
    "text": "自动完成",
    "url": "./html/extend/autocomplete_index.html"
  },
  {
    "id": 1343,
    "pid": 1331,
    "state": "open",
    "iconCls": "",
    "text": "富文本编辑器",
    "url": "./html/extend/editor_index.html"
  },
  {
    "id": 1345,
    "pid": 1331,
    "state": "open",
    "iconCls": "",
    "text": "单文件上传框",
    "url": "./html/extend/upload.html"
  },
  {
    "id": 1344,
    "pid": 1331,
    "state": "open",
    "iconCls": "",
    "text": "文件批量上传",
    "url": "./html/extend/uploader_index.html"
  },
  {
    "id": 1351,
    "pid": 1331,
    "state": "open",
    "iconCls": "",
    "text": "数据过滤",
    "url": "./html/common/waiting.html"
  },
  {
    "id": 1352,
    "pid": 1331,
    "state": "open",
    "iconCls": "",
    "text": "数据查询",
    "url": "./html/common/waiting.html"
  },
  {
    "id": 1353,
    "pid": 1331,
    "state": "open",
    "iconCls": "",
    "text": "数据导入",
    "url": "./html/common/waiting.html"
  },
  {
    "id": 1354,
    "pid": 1331,
    "state": "open",
    "iconCls": "",
    "text": "数据导出",
    "url": "./html/common/waiting.html"
  }
]