[
  {
    "id": 1356,
    "pid": 13502,
    "state": "open",
    "iconCls": "",
    "text": "数据表格（标签实现）",
    "url": "./html/complex/datagrid.html"
  },
  {
    "id": 13561,
    "pid": 13502,
    "state": "open",
    "iconCls": "",
    "text": "数据表格（JS实现）",
    "url": "./html/complex/datagrid2.html"
  },
  {
    "id": 1357,
    "pid": 13502,
    "state": "open",
    "iconCls": "",
    "text": "树形表格（工具栏）",
    "url": "./html/complex/treegrid.html"
  },
  {
    "id": 1358,
    "pid": 13502,
    "state": "open",
    "iconCls": "",
    "text": "可编辑表格（工具栏）",
    "url": "./html/complex/edatagrid.html"
  },
  {
    "id": 13561,
    "pid": 13502,
    "state": "open",
    "iconCls": "",
    "text": "Tab表格+表单",
    "url": "./html/complex/panel.html"
  }
]