[
  {
    "id": 1346,
    "pid": 659,
    "state": "open",
    "iconCls": "",
    "text": "打开弹出窗口",
    "url": "http://www.topjui.com/guider.html"
  },
  {
    "id": 1348,
    "pid": 659,
    "state": "open",
    "iconCls": "",
    "text": "打开Tab窗口",
    "url": "http://www.topjui.com/guider.html"
  },
  {
    "id": 1347,
    "pid": 659,
    "state": "open",
    "iconCls": "",
    "text": "执行Ajax请求",
    "url": "http://www.topjui.com/guider.html"
  },
  {
    "id": 1348,
    "pid": 659,
    "state": "open",
    "iconCls": "",
    "text": "执行普通请求",
    "url": "http://www.topjui.com/guider.html"
  }
]