[
  {
    "id": 1346,
    "pid": 661,
    "state": "open",
    "iconCls": "",
    "text": "富文本编辑器",
    "url": "http://www.topjui.com/guider.html"
  },
  {
    "id": 1347,
    "pid": 661,
    "state": "open",
    "iconCls": "",
    "text": "单文件上传框",
    "url": "http://www.topjui.com/guider.html"
  },
  {
    "id": 1348,
    "pid": 661,
    "state": "open",
    "iconCls": "",
    "text": "文件批量上传",
    "url": "http://www.topjui.com/guider.html"
  },
  {
    "id": 1348,
    "pid": 661,
    "state": "open",
    "iconCls": "",
    "text": "数据过滤",
    "url": "http://www.topjui.com/guider.html"
  },
  {
    "id": 1349,
    "pid": 661,
    "state": "open",
    "iconCls": "",
    "text": "组合查询",
    "url": "http://www.topjui.com/guider.html"
  },
  {
    "id": 1350,
    "pid": 661,
    "state": "open",
    "iconCls": "",
    "text": "数据导入",
    "url": "http://www.topjui.com/guider.html"
  },
  {
    "id": 1351,
    "pid": 661,
    "state": "open",
    "iconCls": "",
    "text": "数据导出",
    "url": "http://www.topjui.com/guider.html"
  }
]