<?xml version="1.0" encoding="UTF-8"?>
<beans xmlns="http://www.springframework.org/schema/beans"
	xmlns:xsi="http://www.w3.org/2001/XMLSchema-instance" xmlns:cache="http://www.springframework.org/schema/cache"
	xsi:schemaLocation="
        http://www.springframework.org/schema/beans
        http://www.springframework.org/schema/beans/spring-beans.xsd
        http://www.springframework.org/schema/cache
        http://www.springframework.org/schema/cache/spring-cache.xsd">

	<bean id="poolConfig" class="redis.clients.jedis.JedisPoolConfig">
		<property name="maxIdle" value="300" />
		<property name="maxTotal" value="600" />
		<property name="maxWaitMillis" value="1000" />
		<property name="testOnBorrow" value="true" />
	</bean>

	<bean id="jedisConnectionFactory"
		class="org.springframework.data.redis.connection.jedis.JedisConnectionFactory">
		<property name="hostName" value="127.0.0.1" />
		<property name="password" value="" />
		<property name="port" value="6379" />
		<property name="poolConfig" ref="poolConfig" />
	</bean>

	<bean id="redisTemplate" class="org.springframework.data.redis.core.StringRedisTemplate">
		<property name="connectionFactory" ref="jedisConnectionFactory" />
	</bean>

	<!-- 这里可以配置多个redis -->
	<bean id="redisUtil" class="com.wf.ew.core.utils.RedisUtil">
		<property name="redisTemplate" ref="redisTemplate" />
	</bean>
</beans>