[
  {
    "creator": "小策一喋",
    "code": "",
    "modifier": "小策一喋",
    "creatorId": "admin",
    "modifierId": "admin",
    "pid": "430100",
    "remark": "",
    "sort": 1795,
    "type": "",
    "uuid": "430101",
    "url": "",
    "codeSetId": "AGC",
    "modifyTime": "2017-02-15 09:16:02",
    "children": "",
    "createTime": "2017-02-15 09:16:02",
    "levelId": 6,
    "checked": "",
    "attributes": "",
    "id": "430101",
    "state": "open",
    "text": "市辖区",
    "iconCls": "",
    "isDel": 0,
    "status": ""
  },
  {
    "creator": "小策一喋",
    "code": "",
    "modifier": "小策一喋",
    "creatorId": "admin",
    "modifierId": "admin",
    "pid": "430100",
    "remark": "",
    "sort": 1796,
    "type": "",
    "uuid": "430102",
    "url": "",
    "codeSetId": "AGC",
    "modifyTime": "2017-02-15 09:16:02",
    "children": "",
    "createTime": "2017-02-15 09:16:02",
    "levelId": 6,
    "checked": "",
    "attributes": "",
    "id": "430102",
    "state": "open",
    "text": "芙蓉区",
    "iconCls": "",
    "isDel": 0,
    "status": ""
  },
  {
    "creator": "小策一喋",
    "code": "",
    "modifier": "小策一喋",
    "creatorId": "admin",
    "modifierId": "admin",
    "pid": "430100",
    "remark": "",
    "sort": 1797,
    "type": "",
    "uuid": "430103",
    "url": "",
    "codeSetId": "AGC",
    "modifyTime": "2017-02-15 09:16:02",
    "children": "",
    "createTime": "2017-02-15 09:16:02",
    "levelId": 6,
    "checked": "",
    "attributes": "",
    "id": "430103",
    "state": "open",
    "text": "天心区",
    "iconCls": "",
    "isDel": 0,
    "status": ""
  },
  {
    "creator": "小策一喋",
    "code": "",
    "modifier": "小策一喋",
    "creatorId": "admin",
    "modifierId": "admin",
    "pid": "430100",
    "remark": "",
    "sort": 1798,
    "type": "",
    "uuid": "430104",
    "url": "",
    "codeSetId": "AGC",
    "modifyTime": "2017-02-15 09:16:02",
    "children": "",
    "createTime": "2017-02-15 09:16:02",
    "levelId": 6,
    "checked": "",
    "attributes": "",
    "id": "430104",
    "state": "open",
    "text": "岳麓区",
    "iconCls": "",
    "isDel": 0,
    "status": ""
  },
  {
    "creator": "小策一喋",
    "code": "",
    "modifier": "小策一喋",
    "creatorId": "admin",
    "modifierId": "admin",
    "pid": "430100",
    "remark": "",
    "sort": 1799,
    "type": "",
    "uuid": "430105",
    "url": "",
    "codeSetId": "AGC",
    "modifyTime": "2017-02-15 09:16:02",
    "children": "",
    "createTime": "2017-02-15 09:16:02",
    "levelId": 6,
    "checked": "",
    "attributes": "",
    "id": "430105",
    "state": "open",
    "text": "开福区",
    "iconCls": "",
    "isDel": 0,
    "status": ""
  },
  {
    "creator": "小策一喋",
    "code": "",
    "modifier": "小策一喋",
    "creatorId": "admin",
    "modifierId": "admin",
    "pid": "430100",
    "remark": "",
    "sort": 1800,
    "type": "",
    "uuid": "430111",
    "url": "",
    "codeSetId": "AGC",
    "modifyTime": "2017-02-15 09:16:02",
    "children": "",
    "createTime": "2017-02-15 09:16:02",
    "levelId": 6,
    "checked": "",
    "attributes": "",
    "id": "430111",
    "state": "open",
    "text": "雨花区",
    "iconCls": "",
    "isDel": 0,
    "status": ""
  },
  {
    "creator": "小策一喋",
    "code": "",
    "modifier": "小策一喋",
    "creatorId": "admin",
    "modifierId": "admin",
    "pid": "430100",
    "remark": "",
    "sort": 1801,
    "type": "",
    "uuid": "430121",
    "url": "",
    "codeSetId": "AGC",
    "modifyTime": "2017-02-15 09:16:02",
    "children": "",
    "createTime": "2017-02-15 09:16:02",
    "levelId": 6,
    "checked": "",
    "attributes": "",
    "id": "430121",
    "state": "open",
    "text": "长沙县",
    "iconCls": "",
    "isDel": 0,
    "status": ""
  },
  {
    "creator": "小策一喋",
    "code": "",
    "modifier": "小策一喋",
    "creatorId": "admin",
    "modifierId": "admin",
    "pid": "430100",
    "remark": "",
    "sort": 1802,
    "type": "",
    "uuid": "430122",
    "url": "",
    "codeSetId": "AGC",
    "modifyTime": "2017-02-15 09:16:02",
    "children": "",
    "createTime": "2017-02-15 09:16:02",
    "levelId": 6,
    "checked": "",
    "attributes": "",
    "id": "430122",
    "state": "open",
    "text": "望城县",
    "iconCls": "",
    "isDel": 0,
    "status": ""
  },
  {
    "creator": "小策一喋",
    "code": "",
    "modifier": "小策一喋",
    "creatorId": "admin",
    "modifierId": "admin",
    "pid": "430100",
    "remark": "",
    "sort": 1803,
    "type": "",
    "uuid": "430124",
    "url": "",
    "codeSetId": "AGC",
    "modifyTime": "2017-02-15 09:16:02",
    "children": "",
    "createTime": "2017-02-15 09:16:02",
    "levelId": 6,
    "checked": "",
    "attributes": "",
    "id": "430124",
    "state": "open",
    "text": "宁乡县",
    "iconCls": "",
    "isDel": 0,
    "status": ""
  },
  {
    "creator": "小策一喋",
    "code": "",
    "modifier": "小策一喋",
    "creatorId": "admin",
    "modifierId": "admin",
    "pid": "430100",
    "remark": "",
    "sort": 1804,
    "type": "",
    "uuid": "430181",
    "url": "",
    "codeSetId": "AGC",
    "modifyTime": "2017-02-15 09:16:02",
    "children": "",
    "createTime": "2017-02-15 09:16:02",
    "levelId": 6,
    "checked": "",
    "attributes": "",
    "id": "430181",
    "state": "open",
    "text": "浏阳市",
    "iconCls": "",
    "isDel": 0,
    "status": ""
  }
]