[
  {
    "uuid": "1F0AC36046A5C63FE055000000000001",
    "isDel": 0,
    "creatorId": "",
    "creator": "",
    "createTime": "2016-09-21 15:41:40",
    "modifierId": "",
    "modifier": "",
    "modifyTime": "2016-09-21 15:41:40",
    "remark": "",
    "sort": null,
    "levelId": 2,
    "codeSetId": "AAAB",
    "code": "01",
    "status": "",
    "url": "",
    "id": "23D7BC22BD44272AE055000000000001",
    "pid": "23D98124E04D32E8E055000000000001",
    "text": "汉族",
    "state": "",
    "iconCls": "",
    "checked": "",
    "attributes": "",
    "children": "",
    "type": "dic"
  },
  {
    "uuid": "1F0AC36046A6C63FE055000000000001",
    "isDel": 0,
    "creatorId": "",
    "creator": "",
    "createTime": "2016-09-21 15:41:40",
    "modifierId": "",
    "modifier": "",
    "modifyTime": "2016-09-21 15:41:40",
    "remark": "",
    "sort": null,
    "levelId": 2,
    "codeSetId": "AAAB",
    "code": "13",
    "status": "",
    "url": "",
    "id": "23D7BC22BD45272AE055000000000001",
    "pid": "23D98124E04D32E8E055000000000001",
    "text": "瑶族",
    "state": "",
    "iconCls": "",
    "checked": "",
    "attributes": "",
    "children": "",
    "type": "dic"
  },
  {
    "uuid": "1F0AC36046A7C63FE055000000000001",
    "isDel": 0,
    "creatorId": "",
    "creator": "",
    "createTime": "2016-09-21 15:41:40",
    "modifierId": "",
    "modifier": "",
    "modifyTime": "2016-09-21 15:41:40",
    "remark": "",
    "sort": null,
    "levelId": 2,
    "codeSetId": "AAAB",
    "code": "5",
    "status": "",
    "url": "",
    "id": "23D7BC22BD46272AE055000000000001",
    "pid": "23D98124E04D32E8E055000000000001",
    "text": "拉祜族",
    "state": "",
    "iconCls": "",
    "checked": "",
    "attributes": "",
    "children": "",
    "type": "dic"
  },
  {
    "uuid": "1F0AC36046A8C63FE055000000000001",
    "isDel": 0,
    "creatorId": "",
    "creator": "",
    "createTime": "2016-09-21 15:41:40",
    "modifierId": "",
    "modifier": "",
    "modifyTime": "2016-09-21 15:41:40",
    "remark": "",
    "sort": null,
    "levelId": 2,
    "codeSetId": "AAAB",
    "code": "7",
    "status": "",
    "url": "",
    "id": "23D7BC22BD47272AE055000000000001",
    "pid": "23D98124E04D32E8E055000000000001",
    "text": "撒拉族",
    "state": "",
    "iconCls": "",
    "checked": "",
    "attributes": "",
    "children": "",
    "type": "dic"
  },
  {
    "uuid": "1F0AC36046A9C63FE055000000000001",
    "isDel": 0,
    "creatorId": "",
    "creator": "",
    "createTime": "2016-09-21 15:41:40",
    "modifierId": "",
    "modifier": "",
    "modifyTime": "2016-09-21 15:41:40",
    "remark": "",
    "sort": null,
    "levelId": 2,
    "codeSetId": "AAAB",
    "code": "8",
    "status": "",
    "url": "",
    "id": "23D7BC22BD48272AE055000000000001",
    "pid": "23D98124E04D32E8E055000000000001",
    "text": "京族",
    "state": "",
    "iconCls": "",
    "checked": "",
    "attributes": "",
    "children": "",
    "type": "dic"
  },
  {
    "uuid": "1F0AC36046AAC63FE055000000000001",
    "isDel": 0,
    "creatorId": "",
    "creator": "",
    "createTime": "2016-09-21 15:41:40",
    "modifierId": "",
    "modifier": "",
    "modifyTime": "2016-09-21 15:41:40",
    "remark": "",
    "sort": null,
    "levelId": 2,
    "codeSetId": "AAAB",
    "code": "10",
    "status": "",
    "url": "",
    "id": "23D7BC22BD49272AE055000000000001",
    "pid": "23D98124E04D32E8E055000000000001",
    "text": "珞巴族",
    "state": "",
    "iconCls": "",
    "checked": "",
    "attributes": "",
    "children": "",
    "type": "dic"
  },
  {
    "uuid": "1F0AC36046ABC63FE055000000000001",
    "isDel": 0,
    "creatorId": "",
    "creator": "",
    "createTime": "2016-09-21 15:41:40",
    "modifierId": "",
    "modifier": "",
    "modifyTime": "2016-09-21 15:41:40",
    "remark": "",
    "sort": null,
    "levelId": 2,
    "codeSetId": "AAAB",
    "code": "07",
    "status": "",
    "url": "",
    "id": "23D7BC22BD4A272AE055000000000001",
    "pid": "23D98124E04D32E8E055000000000001",
    "text": "彝族",
    "state": "",
    "iconCls": "",
    "checked": "",
    "attributes": "",
    "children": "",
    "type": "dic"
  },
  {
    "uuid": "1F0AC36046ACC63FE055000000000001",
    "isDel": 0,
    "creatorId": "",
    "creator": "",
    "createTime": "2016-09-21 15:41:40",
    "modifierId": "",
    "modifier": "",
    "modifyTime": "2016-09-21 15:41:40",
    "remark": "",
    "sort": null,
    "levelId": 2,
    "codeSetId": "AAAB",
    "code": "14",
    "status": "",
    "url": "",
    "id": "23D7BC22BD4B272AE055000000000001",
    "pid": "23D98124E04D32E8E055000000000001",
    "text": "畲族",
    "state": "",
    "iconCls": "",
    "checked": "",
    "attributes": "",
    "children": "",
    "type": "dic"
  },
  {
    "uuid": "1F0AC36046ADC63FE055000000000001",
    "isDel": 0,
    "creatorId": "",
    "creator": "",
    "createTime": "2016-09-21 15:41:40",
    "modifierId": "",
    "modifier": "",
    "modifyTime": "2016-09-21 15:41:40",
    "remark": "",
    "sort": null,
    "levelId": 2,
    "codeSetId": "AAAB",
    "code": "15",
    "status": "",
    "url": "",
    "id": "23D7BC22BD4C272AE055000000000001",
    "pid": "23D98124E04D32E8E055000000000001",
    "text": "水族",
    "state": "",
    "iconCls": "",
    "checked": "",
    "attributes": "",
    "children": "",
    "type": "dic"
  },
  {
    "uuid": "1F0AC36046AEC63FE055000000000001",
    "isDel": 0,
    "creatorId": "",
    "creator": "",
    "createTime": "2016-09-21 15:41:40",
    "modifierId": "",
    "modifier": "",
    "modifyTime": "2016-09-21 15:41:40",
    "remark": "",
    "sort": null,
    "levelId": 2,
    "codeSetId": "AAAB",
    "code": "17",
    "status": "",
    "url": "",
    "id": "23D7BC22BD4D272AE055000000000001",
    "pid": "23D98124E04D32E8E055000000000001",
    "text": "塔吉克族",
    "state": "",
    "iconCls": "",
    "checked": "",
    "attributes": "",
    "children": "",
    "type": "dic"
  },
  {
    "uuid": "1F0AC360477BC63FE055000000000001",
    "isDel": 0,
    "creatorId": "",
    "creator": "",
    "createTime": "2016-09-21 15:41:40",
    "modifierId": "",
    "modifier": "",
    "modifyTime": "2016-09-21 15:41:40",
    "remark": "",
    "sort": null,
    "levelId": 2,
    "codeSetId": "AAAB",
    "code": "15",
    "status": "",
    "url": "",
    "id": "23D7BC22BD8A272AE055000000000001",
    "pid": "23D98124E04D32E8E055000000000001",
    "text": "土家族",
    "state": "",
    "iconCls": "",
    "checked": "",
    "attributes": "",
    "children": "",
    "type": "dic"
  },
  {
    "uuid": "1F0AC360477CC63FE055000000000001",
    "isDel": 0,
    "creatorId": "",
    "creator": "",
    "createTime": "2016-09-21 15:41:40",
    "modifierId": "",
    "modifier": "",
    "modifyTime": "2016-09-21 15:41:40",
    "remark": "",
    "sort": null,
    "levelId": 2,
    "codeSetId": "AAAB",
    "code": "4",
    "status": "",
    "url": "",
    "id": "23D7BC22BD8B272AE055000000000001",
    "pid": "23D98124E04D32E8E055000000000001",
    "text": "傣族",
    "state": "",
    "iconCls": "",
    "checked": "",
    "attributes": "",
    "children": "",
    "type": "dic"
  },
  {
    "uuid": "1F0AC360477DC63FE055000000000001",
    "isDel": 0,
    "creatorId": "",
    "creator": "",
    "createTime": "2016-09-21 15:41:40",
    "modifierId": "",
    "modifier": "",
    "modifyTime": "2016-09-21 15:41:40",
    "remark": "",
    "sort": null,
    "levelId": 2,
    "codeSetId": "AAAB",
    "code": "6",
    "status": "",
    "url": "",
    "id": "23D7BC22BD8C272AE055000000000001",
    "pid": "23D98124E04D32E8E055000000000001",
    "text": "仫佬族",
    "state": "",
    "iconCls": "",
    "checked": "",
    "attributes": "",
    "children": "",
    "type": "dic"
  },
  {
    "uuid": "1F0AC360477EC63FE055000000000001",
    "isDel": 0,
    "creatorId": "",
    "creator": "",
    "createTime": "2016-09-21 15:41:40",
    "modifierId": "",
    "modifier": "",
    "modifyTime": "2016-09-21 15:41:40",
    "remark": "",
    "sort": null,
    "levelId": 2,
    "codeSetId": "AAAB",
    "code": "9",
    "status": "",
    "url": "",
    "id": "23D7BC22BD8D272AE055000000000001",
    "pid": "23D98124E04D32E8E055000000000001",
    "text": "乌兹别克族",
    "state": "",
    "iconCls": "",
    "checked": "",
    "attributes": "",
    "children": "",
    "type": "dic"
  },
  {
    "uuid": "1F0AC360477FC63FE055000000000001",
    "isDel": 0,
    "creatorId": "",
    "creator": "",
    "createTime": "2016-09-21 15:41:40",
    "modifierId": "",
    "modifier": "",
    "modifyTime": "2016-09-21 15:41:40",
    "remark": "",
    "sort": null,
    "levelId": 2,
    "codeSetId": "AAAB",
    "code": "08",
    "status": "",
    "url": "",
    "id": "23D7BC22BD8E272AE055000000000001",
    "pid": "23D98124E04D32E8E055000000000001",
    "text": "壮族",
    "state": "",
    "iconCls": "",
    "checked": "",
    "attributes": "",
    "children": "",
    "type": "dic"
  },
  {
    "uuid": "1F0AC3604780C63FE055000000000001",
    "isDel": 0,
    "creatorId": "",
    "creator": "",
    "createTime": "2016-09-21 15:41:40",
    "modifierId": "",
    "modifier": "",
    "modifyTime": "2016-09-21 15:41:40",
    "remark": "",
    "sort": null,
    "levelId": 2,
    "codeSetId": "AAAB",
    "code": "10",
    "status": "",
    "url": "",
    "id": "23D7BC22BD8F272AE055000000000001",
    "pid": "23D98124E04D32E8E055000000000001",
    "text": "朝鲜族",
    "state": "",
    "iconCls": "",
    "checked": "",
    "attributes": "",
    "children": "",
    "type": "dic"
  },
  {
    "uuid": "1F0AC3604781C63FE055000000000001",
    "isDel": 0,
    "creatorId": "",
    "creator": "",
    "createTime": "2016-09-21 15:41:40",
    "modifierId": "",
    "modifier": "",
    "modifyTime": "2016-09-21 15:41:40",
    "remark": "",
    "sort": null,
    "levelId": 2,
    "codeSetId": "AAAB",
    "code": "16",
    "status": "",
    "url": "",
    "id": "23D7BC22BD90272AE055000000000001",
    "pid": "23D98124E04D32E8E055000000000001",
    "text": "锡伯族",
    "state": "",
    "iconCls": "",
    "checked": "",
    "attributes": "",
    "children": "",
    "type": "dic"
  },
  {
    "uuid": "1F0AC3604782C63FE055000000000001",
    "isDel": 0,
    "creatorId": "",
    "creator": "",
    "createTime": "2016-09-21 15:41:40",
    "modifierId": "",
    "modifier": "",
    "modifyTime": "2016-09-21 15:41:40",
    "remark": "",
    "sort": null,
    "levelId": 2,
    "codeSetId": "AAAB",
    "code": "18",
    "status": "",
    "url": "",
    "id": "23D7BC22BD91272AE055000000000001",
    "pid": "23D98124E04D32E8E055000000000001",
    "text": "基诺族",
    "state": "",
    "iconCls": "",
    "checked": "",
    "attributes": "",
    "children": "",
    "type": "dic"
  },
  {
    "uuid": "1F0AC360478EC63FE055000000000001",
    "isDel": 0,
    "creatorId": "",
    "creator": "",
    "createTime": "2016-09-21 15:41:40",
    "modifierId": "",
    "modifier": "",
    "modifyTime": "2016-09-21 15:41:40",
    "remark": "",
    "sort": null,
    "levelId": 2,
    "codeSetId": "AAAB",
    "code": "19",
    "status": "",
    "url": "",
    "id": "23D7BC22BD9A272AE055000000000001",
    "pid": "23D98124E04D32E8E055000000000001",
    "text": "门巴族",
    "state": "",
    "iconCls": "",
    "checked": "",
    "attributes": "",
    "children": "",
    "type": "dic"
  },
  {
    "uuid": "1F0AC360478FC63FE055000000000001",
    "isDel": 0,
    "creatorId": "",
    "creator": "",
    "createTime": "2016-09-21 15:41:40",
    "modifierId": "",
    "modifier": "",
    "modifyTime": "2016-09-21 15:41:40",
    "remark": "",
    "sort": null,
    "levelId": 2,
    "codeSetId": "AAAB",
    "code": "20",
    "status": "",
    "url": "",
    "id": "23D7BC22BD9B272AE055000000000001",
    "pid": "23D98124E04D32E8E055000000000001",
    "text": "布朗族",
    "state": "",
    "iconCls": "",
    "checked": "",
    "attributes": "",
    "children": "",
    "type": "dic"
  },
  {
    "uuid": "1F0AC3604790C63FE055000000000001",
    "isDel": 0,
    "creatorId": "",
    "creator": "",
    "createTime": "2016-09-21 15:41:40",
    "modifierId": "",
    "modifier": "",
    "modifyTime": "2016-09-21 15:41:40",
    "remark": "",
    "sort": null,
    "levelId": 2,
    "codeSetId": "AAAB",
    "code": "11",
    "status": "",
    "url": "",
    "id": "23D7BC22BD9C272AE055000000000001",
    "pid": "23D98124E04D32E8E055000000000001",
    "text": "满族",
    "state": "",
    "iconCls": "",
    "checked": "",
    "attributes": "",
    "children": "",
    "type": "dic"
  },
  {
    "uuid": "1F0AC3604791C63FE055000000000001",
    "isDel": 0,
    "creatorId": "",
    "creator": "",
    "createTime": "2016-09-21 15:41:40",
    "modifierId": "",
    "modifier": "",
    "modifyTime": "2016-09-21 15:41:40",
    "remark": "",
    "sort": null,
    "levelId": 2,
    "codeSetId": "AAAB",
    "code": "02",
    "status": "",
    "url": "",
    "id": "23D7BC22BD9D272AE055000000000001",
    "pid": "23D98124E04D32E8E055000000000001",
    "text": "蒙古族",
    "state": "",
    "iconCls": "",
    "checked": "",
    "attributes": "",
    "children": "",
    "type": "dic"
  },
  {
    "uuid": "1F0AC3604792C63FE055000000000001",
    "isDel": 0,
    "creatorId": "",
    "creator": "",
    "createTime": "2016-09-21 15:41:40",
    "modifierId": "",
    "modifier": "",
    "modifyTime": "2016-09-21 15:41:40",
    "remark": "",
    "sort": null,
    "levelId": 2,
    "codeSetId": "AAAB",
    "code": "23",
    "status": "",
    "url": "",
    "id": "23D7BC22BD9E272AE055000000000001",
    "pid": "23D98124E04D32E8E055000000000001",
    "text": "白族",
    "state": "",
    "iconCls": "",
    "checked": "",
    "attributes": "",
    "children": "",
    "type": "dic"
  },
  {
    "uuid": "1F0AC3604793C63FE055000000000001",
    "isDel": 0,
    "creatorId": "",
    "creator": "",
    "createTime": "2016-09-21 15:41:40",
    "modifierId": "",
    "modifier": "",
    "modifyTime": "2016-09-21 15:41:40",
    "remark": "",
    "sort": null,
    "levelId": 2,
    "codeSetId": "AAAB",
    "code": "24",
    "status": "",
    "url": "",
    "id": "23D7BC22BD9F272AE055000000000001",
    "pid": "23D98124E04D32E8E055000000000001",
    "text": "傈僳族",
    "state": "",
    "iconCls": "",
    "checked": "",
    "attributes": "",
    "children": "",
    "type": "dic"
  },
  {
    "uuid": "1F0AC3604794C63FE055000000000001",
    "isDel": 0,
    "creatorId": "",
    "creator": "",
    "createTime": "2016-09-21 15:41:40",
    "modifierId": "",
    "modifier": "",
    "modifyTime": "2016-09-21 15:41:40",
    "remark": "",
    "sort": null,
    "levelId": 2,
    "codeSetId": "AAAB",
    "code": "25",
    "status": "",
    "url": "",
    "id": "23D7BC22BDA0272AE055000000000001",
    "pid": "23D98124E04D32E8E055000000000001",
    "text": "佤族",
    "state": "",
    "iconCls": "",
    "checked": "",
    "attributes": "",
    "children": "",
    "type": "dic"
  },
  {
    "uuid": "1F0AC3604795C63FE055000000000001",
    "isDel": 0,
    "creatorId": "",
    "creator": "",
    "createTime": "2016-09-21 15:41:40",
    "modifierId": "",
    "modifier": "",
    "modifyTime": "2016-09-21 15:41:40",
    "remark": "",
    "sort": null,
    "levelId": 2,
    "codeSetId": "AAAB",
    "code": "26",
    "status": "",
    "url": "",
    "id": "23D7BC22BDA1272AE055000000000001",
    "pid": "23D98124E04D32E8E055000000000001",
    "text": "柯尔克孜族",
    "state": "",
    "iconCls": "",
    "checked": "",
    "attributes": "",
    "children": "",
    "type": "dic"
  },
  {
    "uuid": "1F0AC3604796C63FE055000000000001",
    "isDel": 0,
    "creatorId": "",
    "creator": "",
    "createTime": "2016-09-21 15:41:40",
    "modifierId": "",
    "modifier": "",
    "modifyTime": "2016-09-21 15:41:40",
    "remark": "",
    "sort": null,
    "levelId": 2,
    "codeSetId": "AAAB",
    "code": "27",
    "status": "",
    "url": "",
    "id": "23D7BC22BDA2272AE055000000000001",
    "pid": "23D98124E04D32E8E055000000000001",
    "text": "阿昌族",
    "state": "",
    "iconCls": "",
    "checked": "",
    "attributes": "",
    "children": "",
    "type": "dic"
  },
  {
    "uuid": "1F0AC3604797C63FE055000000000001",
    "isDel": 0,
    "creatorId": "",
    "creator": "",
    "createTime": "2016-09-21 15:41:40",
    "modifierId": "",
    "modifier": "",
    "modifyTime": "2016-09-21 15:41:40",
    "remark": "",
    "sort": null,
    "levelId": 2,
    "codeSetId": "AAAB",
    "code": "28",
    "status": "",
    "url": "",
    "id": "23D7BC22BDA3272AE055000000000001",
    "pid": "23D98124E04D32E8E055000000000001",
    "text": "德昂族",
    "state": "",
    "iconCls": "",
    "checked": "",
    "attributes": "",
    "children": "",
    "type": "dic"
  },
  {
    "uuid": "1F0AC3604798C63FE055000000000001",
    "isDel": 0,
    "creatorId": "",
    "creator": "",
    "createTime": "2016-09-21 15:41:40",
    "modifierId": "",
    "modifier": "",
    "modifyTime": "2016-09-21 15:41:40",
    "remark": "",
    "sort": null,
    "levelId": 2,
    "codeSetId": "AAAB",
    "code": "29",
    "status": "",
    "url": "",
    "id": "23D7BC22BDA4272AE055000000000001",
    "pid": "23D98124E04D32E8E055000000000001",
    "text": "鄂伦春族",
    "state": "",
    "iconCls": "",
    "checked": "",
    "attributes": "",
    "children": "",
    "type": "dic"
  },
  {
    "uuid": "1F0AC3604799C63FE055000000000001",
    "isDel": 0,
    "creatorId": "",
    "creator": "",
    "createTime": "2016-09-21 15:41:40",
    "modifierId": "",
    "modifier": "",
    "modifyTime": "2016-09-21 15:41:40",
    "remark": "",
    "sort": null,
    "levelId": 2,
    "codeSetId": "AAAB",
    "code": "03",
    "status": "",
    "url": "",
    "id": "23D7BC22BDA5272AE055000000000001",
    "pid": "23D98124E04D32E8E055000000000001",
    "text": "回族",
    "state": "",
    "iconCls": "",
    "checked": "",
    "attributes": "",
    "children": "",
    "type": "dic"
  },
  {
    "uuid": "1F0AC360479AC63FE055000000000001",
    "isDel": 0,
    "creatorId": "",
    "creator": "",
    "createTime": "2016-09-21 15:41:40",
    "modifierId": "",
    "modifier": "",
    "modifyTime": "2016-09-21 15:41:40",
    "remark": "",
    "sort": null,
    "levelId": 2,
    "codeSetId": "AAAB",
    "code": "04",
    "status": "",
    "url": "",
    "id": "23D7BC22BDA6272AE055000000000001",
    "pid": "23D98124E04D32E8E055000000000001",
    "text": "藏族",
    "state": "",
    "iconCls": "",
    "checked": "",
    "attributes": "",
    "children": "",
    "type": "dic"
  },
  {
    "uuid": "1F0AC360479BC63FE055000000000001",
    "isDel": 0,
    "creatorId": "",
    "creator": "",
    "createTime": "2016-09-21 15:41:40",
    "modifierId": "",
    "modifier": "",
    "modifyTime": "2016-09-21 15:41:40",
    "remark": "",
    "sort": null,
    "levelId": 2,
    "codeSetId": "AAAB",
    "code": "32",
    "status": "",
    "url": "",
    "id": "23D7BC22BDA7272AE055000000000001",
    "pid": "23D98124E04D32E8E055000000000001",
    "text": "哈尼族",
    "state": "",
    "iconCls": "",
    "checked": "",
    "attributes": "",
    "children": "",
    "type": "dic"
  },
  {
    "uuid": "1F0AC360479CC63FE055000000000001",
    "isDel": 0,
    "creatorId": "",
    "creator": "",
    "createTime": "2016-09-21 15:41:40",
    "modifierId": "",
    "modifier": "",
    "modifyTime": "2016-09-21 15:41:40",
    "remark": "",
    "sort": null,
    "levelId": 2,
    "codeSetId": "AAAB",
    "code": "33",
    "status": "",
    "url": "",
    "id": "23D7BC22BDA8272AE055000000000001",
    "pid": "23D98124E04D32E8E055000000000001",
    "text": "仡佬族",
    "state": "",
    "iconCls": "",
    "checked": "",
    "attributes": "",
    "children": "",
    "type": "dic"
  },
  {
    "uuid": "1F0AC360479DC63FE055000000000001",
    "isDel": 0,
    "creatorId": "",
    "creator": "",
    "createTime": "2016-09-21 15:41:40",
    "modifierId": "",
    "modifier": "",
    "modifyTime": "2016-09-21 15:41:40",
    "remark": "",
    "sort": null,
    "levelId": 2,
    "codeSetId": "AAAB",
    "code": "34",
    "status": "",
    "url": "",
    "id": "23D7BC22BDA9272AE055000000000001",
    "pid": "23D98124E04D32E8E055000000000001",
    "text": "纳西族",
    "state": "",
    "iconCls": "",
    "checked": "",
    "attributes": "",
    "children": "",
    "type": "dic"
  },
  {
    "uuid": "1F0AC360479EC63FE055000000000001",
    "isDel": 0,
    "creatorId": "",
    "creator": "",
    "createTime": "2016-09-21 15:41:40",
    "modifierId": "",
    "modifier": "",
    "modifyTime": "2016-09-21 15:41:40",
    "remark": "",
    "sort": null,
    "levelId": 2,
    "codeSetId": "AAAB",
    "code": "35",
    "status": "",
    "url": "",
    "id": "23D7BC22BDAA272AE055000000000001",
    "pid": "23D98124E04D32E8E055000000000001",
    "text": "达斡尔族",
    "state": "",
    "iconCls": "",
    "checked": "",
    "attributes": "",
    "children": "",
    "type": "dic"
  },
  {
    "uuid": "1F0AC360479FC63FE055000000000001",
    "isDel": 0,
    "creatorId": "",
    "creator": "",
    "createTime": "2016-09-21 15:41:40",
    "modifierId": "",
    "modifier": "",
    "modifyTime": "2016-09-21 15:41:40",
    "remark": "",
    "sort": null,
    "levelId": 2,
    "codeSetId": "AAAB",
    "code": "36",
    "status": "",
    "url": "",
    "id": "23D7BC22BDAB272AE055000000000001",
    "pid": "23D98124E04D32E8E055000000000001",
    "text": "普米族",
    "state": "",
    "iconCls": "",
    "checked": "",
    "attributes": "",
    "children": "",
    "type": "dic"
  },
  {
    "uuid": "1F0AC36047A0C63FE055000000000001",
    "isDel": 0,
    "creatorId": "",
    "creator": "",
    "createTime": "2016-09-21 15:41:40",
    "modifierId": "",
    "modifier": "",
    "modifyTime": "2016-09-21 15:41:40",
    "remark": "",
    "sort": null,
    "levelId": 2,
    "codeSetId": "AAAB",
    "code": "37",
    "status": "",
    "url": "",
    "id": "23D7BC22BDAC272AE055000000000001",
    "pid": "23D98124E04D32E8E055000000000001",
    "text": "保安族",
    "state": "",
    "iconCls": "",
    "checked": "",
    "attributes": "",
    "children": "",
    "type": "dic"
  },
  {
    "uuid": "1F0AC36047A1C63FE055000000000001",
    "isDel": 0,
    "creatorId": "",
    "creator": "",
    "createTime": "2016-09-21 15:41:40",
    "modifierId": "",
    "modifier": "",
    "modifyTime": "2016-09-21 15:41:40",
    "remark": "",
    "sort": null,
    "levelId": 2,
    "codeSetId": "AAAB",
    "code": "38",
    "status": "",
    "url": "",
    "id": "23D7BC22BDAD272AE055000000000001",
    "pid": "23D98124E04D32E8E055000000000001",
    "text": "独龙族",
    "state": "",
    "iconCls": "",
    "checked": "",
    "attributes": "",
    "children": "",
    "type": "dic"
  },
  {
    "uuid": "1F0AC36047A2C63FE055000000000001",
    "isDel": 0,
    "creatorId": "",
    "creator": "",
    "createTime": "2016-09-21 15:41:40",
    "modifierId": "",
    "modifier": "",
    "modifyTime": "2016-09-21 15:41:40",
    "remark": "",
    "sort": null,
    "levelId": 2,
    "codeSetId": "AAAB",
    "code": "06",
    "status": "",
    "url": "",
    "id": "23D7BC22BDAE272AE055000000000001",
    "pid": "23D98124E04D32E8E055000000000001",
    "text": "苗族",
    "state": "",
    "iconCls": "",
    "checked": "",
    "attributes": "",
    "children": "",
    "type": "dic"
  },
  {
    "uuid": "1F0AC36047A3C63FE055000000000001",
    "isDel": 0,
    "creatorId": "",
    "creator": "",
    "createTime": "2016-09-21 15:41:40",
    "modifierId": "",
    "modifier": "",
    "modifyTime": "2016-09-21 15:41:40",
    "remark": "",
    "sort": null,
    "levelId": 2,
    "codeSetId": "AAAB",
    "code": "09",
    "status": "",
    "url": "",
    "id": "23D7BC22BDAF272AE055000000000001",
    "pid": "23D98124E04D32E8E055000000000001",
    "text": "布依族",
    "state": "",
    "iconCls": "",
    "checked": "",
    "attributes": "",
    "children": "",
    "type": "dic"
  },
  {
    "uuid": "1F0AC36047A4C63FE055000000000001",
    "isDel": 0,
    "creatorId": "",
    "creator": "",
    "createTime": "2016-09-21 15:41:40",
    "modifierId": "",
    "modifier": "",
    "modifyTime": "2016-09-21 15:41:40",
    "remark": "",
    "sort": null,
    "levelId": 2,
    "codeSetId": "AAAB",
    "code": "41",
    "status": "",
    "url": "",
    "id": "23D7BC22BDB0272AE055000000000001",
    "pid": "23D98124E04D32E8E055000000000001",
    "text": "哈萨克族",
    "state": "",
    "iconCls": "",
    "checked": "",
    "attributes": "",
    "children": "",
    "type": "dic"
  },
  {
    "uuid": "1F0AC36047A5C63FE055000000000001",
    "isDel": 0,
    "creatorId": "",
    "creator": "",
    "createTime": "2016-09-21 15:41:40",
    "modifierId": "",
    "modifier": "",
    "modifyTime": "2016-09-21 15:41:40",
    "remark": "",
    "sort": null,
    "levelId": 2,
    "codeSetId": "AAAB",
    "code": "42",
    "status": "",
    "url": "",
    "id": "23D7BC22BDB1272AE055000000000001",
    "pid": "23D98124E04D32E8E055000000000001",
    "text": "东乡族",
    "state": "",
    "iconCls": "",
    "checked": "",
    "attributes": "",
    "children": "",
    "type": "dic"
  },
  {
    "uuid": "1F0AC36047A6C63FE055000000000001",
    "isDel": 0,
    "creatorId": "",
    "creator": "",
    "createTime": "2016-09-21 15:41:40",
    "modifierId": "",
    "modifier": "",
    "modifyTime": "2016-09-21 15:41:40",
    "remark": "",
    "sort": null,
    "levelId": 2,
    "codeSetId": "AAAB",
    "code": "43",
    "status": "",
    "url": "",
    "id": "23D7BC22BDB2272AE055000000000001",
    "pid": "23D98124E04D32E8E055000000000001",
    "text": "羌族",
    "state": "",
    "iconCls": "",
    "checked": "",
    "attributes": "",
    "children": "",
    "type": "dic"
  },
  {
    "uuid": "1F0AC36047A7C63FE055000000000001",
    "isDel": 0,
    "creatorId": "",
    "creator": "",
    "createTime": "2016-09-21 15:41:40",
    "modifierId": "",
    "modifier": "",
    "modifyTime": "2016-09-21 15:41:40",
    "remark": "",
    "sort": null,
    "levelId": 2,
    "codeSetId": "AAAB",
    "code": "44",
    "status": "",
    "url": "",
    "id": "23D7BC22BDB3272AE055000000000001",
    "pid": "23D98124E04D32E8E055000000000001",
    "text": "景颇族",
    "state": "",
    "iconCls": "",
    "checked": "",
    "attributes": "",
    "children": "",
    "type": "dic"
  },
  {
    "uuid": "1F0AC36047A8C63FE055000000000001",
    "isDel": 0,
    "creatorId": "",
    "creator": "",
    "createTime": "2016-09-21 15:41:40",
    "modifierId": "",
    "modifier": "",
    "modifyTime": "2016-09-21 15:41:40",
    "remark": "",
    "sort": null,
    "levelId": 2,
    "codeSetId": "AAAB",
    "code": "45",
    "status": "",
    "url": "",
    "id": "23D7BC22BDB4272AE055000000000001",
    "pid": "23D98124E04D32E8E055000000000001",
    "text": "鄂温克族",
    "state": "",
    "iconCls": "",
    "checked": "",
    "attributes": "",
    "children": "",
    "type": "dic"
  },
  {
    "uuid": "1F0AC36047A9C63FE055000000000001",
    "isDel": 0,
    "creatorId": "",
    "creator": "",
    "createTime": "2016-09-21 15:41:40",
    "modifierId": "",
    "modifier": "",
    "modifyTime": "2016-09-21 15:41:40",
    "remark": "",
    "sort": null,
    "levelId": 2,
    "codeSetId": "AAAB",
    "code": "46",
    "status": "",
    "url": "",
    "id": "23D7BC22BDB5272AE055000000000001",
    "pid": "23D98124E04D32E8E055000000000001",
    "text": "俄罗斯族",
    "state": "",
    "iconCls": "",
    "checked": "",
    "attributes": "",
    "children": "",
    "type": "dic"
  },
  {
    "uuid": "1F0AC36047AAC63FE055000000000001",
    "isDel": 0,
    "creatorId": "",
    "creator": "",
    "createTime": "2016-09-21 15:41:40",
    "modifierId": "",
    "modifier": "",
    "modifyTime": "2016-09-21 15:41:40",
    "remark": "",
    "sort": null,
    "levelId": 2,
    "codeSetId": "AAAB",
    "code": "47",
    "status": "",
    "url": "",
    "id": "23D7BC22BDE2272AE055000000000001",
    "pid": "23D98124E04D32E8E055000000000001",
    "text": "塔塔尔族",
    "state": "",
    "iconCls": "",
    "checked": "",
    "attributes": "",
    "children": "",
    "type": "dic"
  },
  {
    "uuid": "1F0AC36047ABC63FE055000000000001",
    "isDel": 0,
    "creatorId": "",
    "creator": "",
    "createTime": "2016-09-21 15:41:40",
    "modifierId": "",
    "modifier": "",
    "modifyTime": "2016-09-21 15:41:40",
    "remark": "",
    "sort": null,
    "levelId": 2,
    "codeSetId": "AAAB",
    "code": "05",
    "status": "",
    "url": "",
    "id": "23D7BC22BDB6272AE055000000000001",
    "pid": "23D98124E04D32E8E055000000000001",
    "text": "维吾尔族",
    "state": "",
    "iconCls": "",
    "checked": "",
    "attributes": "",
    "children": "",
    "type": "dic"
  },
  {
    "uuid": "1F0AC36047ACC63FE055000000000001",
    "isDel": 0,
    "creatorId": "",
    "creator": "",
    "createTime": "2016-09-21 15:41:40",
    "modifierId": "",
    "modifier": "",
    "modifyTime": "2016-09-21 15:41:40",
    "remark": "",
    "sort": null,
    "levelId": 2,
    "codeSetId": "AAAB",
    "code": "49",
    "status": "",
    "url": "",
    "id": "23D7BC22BDB7272AE055000000000001",
    "pid": "23D98124E04D32E8E055000000000001",
    "text": "侗族",
    "state": "",
    "iconCls": "",
    "checked": "",
    "attributes": "",
    "children": "",
    "type": "dic"
  },
  {
    "uuid": "1F0AC36047ADC63FE055000000000001",
    "isDel": 0,
    "creatorId": "",
    "creator": "",
    "createTime": "2016-09-21 15:41:40",
    "modifierId": "",
    "modifier": "",
    "modifyTime": "2016-09-21 15:41:40",
    "remark": "",
    "sort": null,
    "levelId": 2,
    "codeSetId": "AAAB",
    "code": "50",
    "status": "",
    "url": "",
    "id": "23D7BC22BDE3272AE055000000000001",
    "pid": "23D98124E04D32E8E055000000000001",
    "text": "黎族",
    "state": "",
    "iconCls": "",
    "checked": "",
    "attributes": "",
    "children": "",
    "type": "dic"
  },
  {
    "uuid": "1F0AC36047AEC63FE055000000000001",
    "isDel": 0,
    "creatorId": "",
    "creator": "",
    "createTime": "2016-09-21 15:41:40",
    "modifierId": "",
    "modifier": "",
    "modifyTime": "2016-09-21 15:41:40",
    "remark": "",
    "sort": null,
    "levelId": 2,
    "codeSetId": "AAAB",
    "code": "51",
    "status": "",
    "url": "",
    "id": "23D7BC22BDB8272AE055000000000001",
    "pid": "23D98124E04D32E8E055000000000001",
    "text": "高山族",
    "state": "",
    "iconCls": "",
    "checked": "",
    "attributes": "",
    "children": "",
    "type": "dic"
  },
  {
    "uuid": "1F0AC36047AFC63FE055000000000001",
    "isDel": 0,
    "creatorId": "",
    "creator": "",
    "createTime": "2016-09-21 15:41:40",
    "modifierId": "",
    "modifier": "",
    "modifyTime": "2016-09-21 15:41:40",
    "remark": "",
    "sort": null,
    "levelId": 2,
    "codeSetId": "AAAB",
    "code": "52",
    "status": "",
    "url": "",
    "id": "23D7BC22BDB9272AE055000000000001",
    "pid": "23D98124E04D32E8E055000000000001",
    "text": "土族",
    "state": "",
    "iconCls": "",
    "checked": "",
    "attributes": "",
    "children": "",
    "type": "dic"
  },
  {
    "uuid": "1F0AC36047B0C63FE055000000000001",
    "isDel": 0,
    "creatorId": "",
    "creator": "",
    "createTime": "2016-09-21 15:41:40",
    "modifierId": "",
    "modifier": "",
    "modifyTime": "2016-09-21 15:41:40",
    "remark": "",
    "sort": null,
    "levelId": 2,
    "codeSetId": "AAAB",
    "code": "53",
    "status": "",
    "url": "",
    "id": "23D7BC22BDBA272AE055000000000001",
    "pid": "23D98124E04D32E8E055000000000001",
    "text": "毛南族",
    "state": "",
    "iconCls": "",
    "checked": "",
    "attributes": "",
    "children": "",
    "type": "dic"
  },
  {
    "uuid": "1F0AC36047B1C63FE055000000000001",
    "isDel": 0,
    "creatorId": "",
    "creator": "",
    "createTime": "2016-09-21 15:41:40",
    "modifierId": "",
    "modifier": "",
    "modifyTime": "2016-09-21 15:41:40",
    "remark": "",
    "sort": null,
    "levelId": 2,
    "codeSetId": "AAAB",
    "code": "54",
    "status": "",
    "url": "",
    "id": "23D7BC22BDE4272AE055000000000001",
    "pid": "23D98124E04D32E8E055000000000001",
    "text": "怒族",
    "state": "",
    "iconCls": "",
    "checked": "",
    "attributes": "",
    "children": "",
    "type": "dic"
  },
  {
    "uuid": "1F0AC36047B2C63FE055000000000001",
    "isDel": 0,
    "creatorId": "",
    "creator": "",
    "createTime": "2016-09-21 15:41:40",
    "modifierId": "",
    "modifier": "",
    "modifyTime": "2016-09-21 15:41:40",
    "remark": "",
    "sort": null,
    "levelId": 2,
    "codeSetId": "AAAB",
    "code": "55",
    "status": "",
    "url": "",
    "id": "23D7BC22BDBB272AE055000000000001",
    "pid": "23D98124E04D32E8E055000000000001",
    "text": "裕固族",
    "state": "",
    "iconCls": "",
    "checked": "",
    "attributes": "",
    "children": "",
    "type": "dic"
  },
  {
    "uuid": "1F0AC36047B3C63FE055000000000001",
    "isDel": 0,
    "creatorId": "",
    "creator": "",
    "createTime": "2016-09-21 15:41:40",
    "modifierId": "",
    "modifier": "",
    "modifyTime": "2016-09-21 15:41:40",
    "remark": "",
    "sort": null,
    "levelId": 2,
    "codeSetId": "AAAB",
    "code": "56",
    "status": "",
    "url": "",
    "id": "23D7BC22BDBC272AE055000000000001",
    "pid": "23D98124E04D32E8E055000000000001",
    "text": "赫哲族",
    "state": "",
    "iconCls": "",
    "checked": "",
    "attributes": "",
    "children": "",
    "type": "dic"
  }
]