[
  {
    "uuid": "110000",
    "isDel": 0,
    "creatorId": "admin",
    "creator": "小策一喋",
    "createTime": "2017-02-15 09:16:02",
    "modifierId": "admin",
    "modifier": "小策一喋",
    "modifyTime": "2017-02-15 09:16:02",
    "remark": "",
    "sort": 1,
    "levelId": 4,
    "codeSetId": "AGA",
    "code": "",
    "status": "",
    "url": "",
    "id": "110000",
    "pid": "71A1A800E8BC4BE99E7EDF6591E88244",
    "text": "北京市",
    "state": "closed",
    "iconCls": "",
    "checked": "",
    "attributes": "",
    "children": "",
    "type": ""
  },
  {
    "uuid": "120000",
    "isDel": 0,
    "creatorId": "admin",
    "creator": "小策一喋",
    "createTime": "2017-02-15 09:16:02",
    "modifierId": "admin",
    "modifier": "小策一喋",
    "modifyTime": "2017-02-15 09:16:02",
    "remark": "",
    "sort": 2,
    "levelId": 4,
    "codeSetId": "AGA",
    "code": "",
    "status": "",
    "url": "",
    "id": "120000",
    "pid": "71A1A800E8BC4BE99E7EDF6591E88244",
    "text": "天津市",
    "state": "closed",
    "iconCls": "",
    "checked": "",
    "attributes": "",
    "children": "",
    "type": ""
  },
  {
    "uuid": "130000",
    "isDel": 0,
    "creatorId": "admin",
    "creator": "小策一喋",
    "createTime": "2017-02-15 09:16:02",
    "modifierId": "admin",
    "modifier": "小策一喋",
    "modifyTime": "2017-02-15 09:16:02",
    "remark": "",
    "sort": 3,
    "levelId": 4,
    "codeSetId": "AGA",
    "code": "",
    "status": "",
    "url": "",
    "id": "130000",
    "pid": "71A1A800E8BC4BE99E7EDF6591E88244",
    "text": "河北省",
    "state": "closed",
    "iconCls": "",
    "checked": "",
    "attributes": "",
    "children": "",
    "type": ""
  },
  {
    "uuid": "140000",
    "isDel": 0,
    "creatorId": "admin",
    "creator": "小策一喋",
    "createTime": "2017-02-15 09:16:02",
    "modifierId": "admin",
    "modifier": "小策一喋",
    "modifyTime": "2017-02-15 09:16:02",
    "remark": "",
    "sort": 4,
    "levelId": 4,
    "codeSetId": "AGA",
    "code": "",
    "status": "",
    "url": "",
    "id": "140000",
    "pid": "71A1A800E8BC4BE99E7EDF6591E88244",
    "text": "山西省",
    "state": "closed",
    "iconCls": "",
    "checked": "",
    "attributes": "",
    "children": "",
    "type": ""
  },
  {
    "uuid": "150000",
    "isDel": 0,
    "creatorId": "admin",
    "creator": "小策一喋",
    "createTime": "2017-02-15 09:16:02",
    "modifierId": "admin",
    "modifier": "小策一喋",
    "modifyTime": "2017-02-15 09:16:02",
    "remark": "",
    "sort": 5,
    "levelId": 4,
    "codeSetId": "AGA",
    "code": "",
    "status": "",
    "url": "",
    "id": "150000",
    "pid": "71A1A800E8BC4BE99E7EDF6591E88244",
    "text": "内蒙古自治区",
    "state": "closed",
    "iconCls": "",
    "checked": "",
    "attributes": "",
    "children": "",
    "type": ""
  },
  {
    "uuid": "210000",
    "isDel": 0,
    "creatorId": "admin",
    "creator": "小策一喋",
    "createTime": "2017-02-15 09:16:02",
    "modifierId": "admin",
    "modifier": "小策一喋",
    "modifyTime": "2017-02-15 09:16:02",
    "remark": "",
    "sort": 6,
    "levelId": 4,
    "codeSetId": "AGA",
    "code": "",
    "status": "",
    "url": "",
    "id": "210000",
    "pid": "71A1A800E8BC4BE99E7EDF6591E88244",
    "text": "辽宁省",
    "state": "closed",
    "iconCls": "",
    "checked": "",
    "attributes": "",
    "children": "",
    "type": ""
  },
  {
    "uuid": "220000",
    "isDel": 0,
    "creatorId": "admin",
    "creator": "小策一喋",
    "createTime": "2017-02-15 09:16:02",
    "modifierId": "admin",
    "modifier": "小策一喋",
    "modifyTime": "2017-02-15 09:16:02",
    "remark": "",
    "sort": 7,
    "levelId": 4,
    "codeSetId": "AGA",
    "code": "",
    "status": "",
    "url": "",
    "id": "220000",
    "pid": "71A1A800E8BC4BE99E7EDF6591E88244",
    "text": "吉林省",
    "state": "closed",
    "iconCls": "",
    "checked": "",
    "attributes": "",
    "children": "",
    "type": ""
  },
  {
    "uuid": "230000",
    "isDel": 0,
    "creatorId": "admin",
    "creator": "小策一喋",
    "createTime": "2017-02-15 09:16:02",
    "modifierId": "admin",
    "modifier": "小策一喋",
    "modifyTime": "2017-02-15 09:16:02",
    "remark": "",
    "sort": 8,
    "levelId": 4,
    "codeSetId": "AGA",
    "code": "",
    "status": "",
    "url": "",
    "id": "230000",
    "pid": "71A1A800E8BC4BE99E7EDF6591E88244",
    "text": "黑龙江",
    "state": "closed",
    "iconCls": "",
    "checked": "",
    "attributes": "",
    "children": "",
    "type": ""
  },
  {
    "uuid": "310000",
    "isDel": 0,
    "creatorId": "admin",
    "creator": "小策一喋",
    "createTime": "2017-02-15 09:16:02",
    "modifierId": "admin",
    "modifier": "小策一喋",
    "modifyTime": "2017-02-15 09:16:02",
    "remark": "",
    "sort": 9,
    "levelId": 4,
    "codeSetId": "AGA",
    "code": "",
    "status": "",
    "url": "",
    "id": "310000",
    "pid": "71A1A800E8BC4BE99E7EDF6591E88244",
    "text": "上海市",
    "state": "closed",
    "iconCls": "",
    "checked": "",
    "attributes": "",
    "children": "",
    "type": ""
  },
  {
    "uuid": "320000",
    "isDel": 0,
    "creatorId": "admin",
    "creator": "小策一喋",
    "createTime": "2017-02-15 09:16:02",
    "modifierId": "admin",
    "modifier": "小策一喋",
    "modifyTime": "2017-02-15 09:16:02",
    "remark": "",
    "sort": 10,
    "levelId": 4,
    "codeSetId": "AGA",
    "code": "",
    "status": "",
    "url": "",
    "id": "320000",
    "pid": "71A1A800E8BC4BE99E7EDF6591E88244",
    "text": "江苏省",
    "state": "closed",
    "iconCls": "",
    "checked": "",
    "attributes": "",
    "children": "",
    "type": ""
  },
  {
    "uuid": "330000",
    "isDel": 0,
    "creatorId": "admin",
    "creator": "小策一喋",
    "createTime": "2017-02-15 09:16:02",
    "modifierId": "admin",
    "modifier": "小策一喋",
    "modifyTime": "2017-02-15 09:16:02",
    "remark": "",
    "sort": 11,
    "levelId": 4,
    "codeSetId": "AGA",
    "code": "",
    "status": "",
    "url": "",
    "id": "330000",
    "pid": "71A1A800E8BC4BE99E7EDF6591E88244",
    "text": "浙江省",
    "state": "closed",
    "iconCls": "",
    "checked": "",
    "attributes": "",
    "children": "",
    "type": ""
  },
  {
    "uuid": "340000",
    "isDel": 0,
    "creatorId": "admin",
    "creator": "小策一喋",
    "createTime": "2017-02-15 09:16:02",
    "modifierId": "admin",
    "modifier": "小策一喋",
    "modifyTime": "2017-02-15 09:16:02",
    "remark": "",
    "sort": 12,
    "levelId": 4,
    "codeSetId": "AGA",
    "code": "",
    "status": "",
    "url": "",
    "id": "340000",
    "pid": "71A1A800E8BC4BE99E7EDF6591E88244",
    "text": "安徽省",
    "state": "closed",
    "iconCls": "",
    "checked": "",
    "attributes": "",
    "children": "",
    "type": ""
  },
  {
    "uuid": "350000",
    "isDel": 0,
    "creatorId": "admin",
    "creator": "小策一喋",
    "createTime": "2017-02-15 09:16:02",
    "modifierId": "admin",
    "modifier": "小策一喋",
    "modifyTime": "2017-02-15 09:16:02",
    "remark": "",
    "sort": 13,
    "levelId": 4,
    "codeSetId": "AGA",
    "code": "",
    "status": "",
    "url": "",
    "id": "350000",
    "pid": "71A1A800E8BC4BE99E7EDF6591E88244",
    "text": "福建省",
    "state": "closed",
    "iconCls": "",
    "checked": "",
    "attributes": "",
    "children": "",
    "type": ""
  },
  {
    "uuid": "360000",
    "isDel": 0,
    "creatorId": "admin",
    "creator": "小策一喋",
    "createTime": "2017-02-15 09:16:02",
    "modifierId": "admin",
    "modifier": "小策一喋",
    "modifyTime": "2017-02-15 09:16:02",
    "remark": "",
    "sort": 14,
    "levelId": 4,
    "codeSetId": "AGA",
    "code": "",
    "status": "",
    "url": "",
    "id": "360000",
    "pid": "71A1A800E8BC4BE99E7EDF6591E88244",
    "text": "江西省",
    "state": "closed",
    "iconCls": "",
    "checked": "",
    "attributes": "",
    "children": "",
    "type": ""
  },
  {
    "uuid": "370000",
    "isDel": 0,
    "creatorId": "admin",
    "creator": "小策一喋",
    "createTime": "2017-02-15 09:16:02",
    "modifierId": "admin",
    "modifier": "小策一喋",
    "modifyTime": "2017-02-15 09:16:02",
    "remark": "",
    "sort": 15,
    "levelId": 4,
    "codeSetId": "AGA",
    "code": "",
    "status": "",
    "url": "",
    "id": "370000",
    "pid": "71A1A800E8BC4BE99E7EDF6591E88244",
    "text": "山东省",
    "state": "closed",
    "iconCls": "",
    "checked": "",
    "attributes": "",
    "children": "",
    "type": ""
  },
  {
    "uuid": "410000",
    "isDel": 0,
    "creatorId": "admin",
    "creator": "小策一喋",
    "createTime": "2017-02-15 09:16:02",
    "modifierId": "admin",
    "modifier": "小策一喋",
    "modifyTime": "2017-02-15 09:16:02",
    "remark": "",
    "sort": 16,
    "levelId": 4,
    "codeSetId": "AGA",
    "code": "",
    "status": "",
    "url": "",
    "id": "410000",
    "pid": "71A1A800E8BC4BE99E7EDF6591E88244",
    "text": "河南省",
    "state": "closed",
    "iconCls": "",
    "checked": "",
    "attributes": "",
    "children": "",
    "type": ""
  },
  {
    "uuid": "420000",
    "isDel": 0,
    "creatorId": "admin",
    "creator": "小策一喋",
    "createTime": "2017-02-15 09:16:02",
    "modifierId": "admin",
    "modifier": "小策一喋",
    "modifyTime": "2017-02-15 09:16:02",
    "remark": "",
    "sort": 17,
    "levelId": 4,
    "codeSetId": "AGA",
    "code": "",
    "status": "",
    "url": "",
    "id": "420000",
    "pid": "71A1A800E8BC4BE99E7EDF6591E88244",
    "text": "湖北省",
    "state": "closed",
    "iconCls": "",
    "checked": "",
    "attributes": "",
    "children": "",
    "type": ""
  },
  {
    "uuid": "430000",
    "isDel": 0,
    "creatorId": "admin",
    "creator": "小策一喋",
    "createTime": "2017-02-15 09:16:02",
    "modifierId": "admin",
    "modifier": "小策一喋",
    "modifyTime": "2017-02-15 09:16:02",
    "remark": "",
    "sort": 18,
    "levelId": 4,
    "codeSetId": "AGA",
    "code": "",
    "status": "",
    "url": "",
    "id": "430000",
    "pid": "71A1A800E8BC4BE99E7EDF6591E88244",
    "text": "湖南省",
    "state": "closed",
    "iconCls": "",
    "checked": "",
    "attributes": "",
    "children": "",
    "type": ""
  },
  {
    "uuid": "440000",
    "isDel": 0,
    "creatorId": "admin",
    "creator": "小策一喋",
    "createTime": "2017-02-15 09:16:02",
    "modifierId": "admin",
    "modifier": "小策一喋",
    "modifyTime": "2017-02-15 09:16:02",
    "remark": "",
    "sort": 19,
    "levelId": 4,
    "codeSetId": "AGA",
    "code": "",
    "status": "",
    "url": "",
    "id": "440000",
    "pid": "71A1A800E8BC4BE99E7EDF6591E88244",
    "text": "广东省",
    "state": "closed",
    "iconCls": "",
    "checked": "",
    "attributes": "",
    "children": "",
    "type": ""
  },
  {
    "uuid": "450000",
    "isDel": 0,
    "creatorId": "admin",
    "creator": "小策一喋",
    "createTime": "2017-02-15 09:16:02",
    "modifierId": "admin",
    "modifier": "小策一喋",
    "modifyTime": "2017-02-15 09:16:02",
    "remark": "",
    "sort": 20,
    "levelId": 4,
    "codeSetId": "AGA",
    "code": "",
    "status": "",
    "url": "",
    "id": "450000",
    "pid": "71A1A800E8BC4BE99E7EDF6591E88244",
    "text": "广西壮族自治区",
    "state": "closed",
    "iconCls": "",
    "checked": "",
    "attributes": "",
    "children": "",
    "type": ""
  },
  {
    "uuid": "460000",
    "isDel": 0,
    "creatorId": "admin",
    "creator": "小策一喋",
    "createTime": "2017-02-15 09:16:02",
    "modifierId": "admin",
    "modifier": "小策一喋",
    "modifyTime": "2017-02-15 09:16:02",
    "remark": "",
    "sort": 21,
    "levelId": 4,
    "codeSetId": "AGA",
    "code": "",
    "status": "",
    "url": "",
    "id": "460000",
    "pid": "71A1A800E8BC4BE99E7EDF6591E88244",
    "text": "海南省",
    "state": "closed",
    "iconCls": "",
    "checked": "",
    "attributes": "",
    "children": "",
    "type": ""
  },
  {
    "uuid": "500000",
    "isDel": 0,
    "creatorId": "admin",
    "creator": "小策一喋",
    "createTime": "2017-02-15 09:16:02",
    "modifierId": "admin",
    "modifier": "小策一喋",
    "modifyTime": "2017-02-15 09:16:02",
    "remark": "",
    "sort": 22,
    "levelId": 4,
    "codeSetId": "AGA",
    "code": "",
    "status": "",
    "url": "",
    "id": "500000",
    "pid": "71A1A800E8BC4BE99E7EDF6591E88244",
    "text": "重庆市",
    "state": "closed",
    "iconCls": "",
    "checked": "",
    "attributes": "",
    "children": "",
    "type": ""
  },
  {
    "uuid": "510000",
    "isDel": 0,
    "creatorId": "admin",
    "creator": "小策一喋",
    "createTime": "2017-02-15 09:16:02",
    "modifierId": "admin",
    "modifier": "小策一喋",
    "modifyTime": "2017-02-15 09:16:02",
    "remark": "",
    "sort": 23,
    "levelId": 4,
    "codeSetId": "AGA",
    "code": "",
    "status": "",
    "url": "",
    "id": "510000",
    "pid": "71A1A800E8BC4BE99E7EDF6591E88244",
    "text": "四川省",
    "state": "closed",
    "iconCls": "",
    "checked": "",
    "attributes": "",
    "children": "",
    "type": ""
  },
  {
    "uuid": "520000",
    "isDel": 0,
    "creatorId": "admin",
    "creator": "小策一喋",
    "createTime": "2017-02-15 09:16:02",
    "modifierId": "admin",
    "modifier": "小策一喋",
    "modifyTime": "2017-02-15 09:16:02",
    "remark": "",
    "sort": 24,
    "levelId": 4,
    "codeSetId": "AGA",
    "code": "",
    "status": "",
    "url": "",
    "id": "520000",
    "pid": "71A1A800E8BC4BE99E7EDF6591E88244",
    "text": "贵州省",
    "state": "closed",
    "iconCls": "",
    "checked": "",
    "attributes": "",
    "children": "",
    "type": ""
  },
  {
    "uuid": "530000",
    "isDel": 0,
    "creatorId": "admin",
    "creator": "小策一喋",
    "createTime": "2017-02-15 09:16:02",
    "modifierId": "admin",
    "modifier": "小策一喋",
    "modifyTime": "2017-02-15 09:16:02",
    "remark": "",
    "sort": 25,
    "levelId": 4,
    "codeSetId": "AGA",
    "code": "",
    "status": "",
    "url": "",
    "id": "530000",
    "pid": "71A1A800E8BC4BE99E7EDF6591E88244",
    "text": "云南省",
    "state": "closed",
    "iconCls": "",
    "checked": "",
    "attributes": "",
    "children": "",
    "type": ""
  },
  {
    "uuid": "540000",
    "isDel": 0,
    "creatorId": "admin",
    "creator": "小策一喋",
    "createTime": "2017-02-15 09:16:02",
    "modifierId": "admin",
    "modifier": "小策一喋",
    "modifyTime": "2017-02-15 09:16:02",
    "remark": "",
    "sort": 26,
    "levelId": 4,
    "codeSetId": "AGA",
    "code": "",
    "status": "",
    "url": "",
    "id": "540000",
    "pid": "71A1A800E8BC4BE99E7EDF6591E88244",
    "text": "西藏自治区",
    "state": "closed",
    "iconCls": "",
    "checked": "",
    "attributes": "",
    "children": "",
    "type": ""
  },
  {
    "uuid": "610000",
    "isDel": 0,
    "creatorId": "admin",
    "creator": "小策一喋",
    "createTime": "2017-02-15 09:16:02",
    "modifierId": "admin",
    "modifier": "小策一喋",
    "modifyTime": "2017-02-15 09:16:02",
    "remark": "",
    "sort": 27,
    "levelId": 4,
    "codeSetId": "AGA",
    "code": "",
    "status": "",
    "url": "",
    "id": "610000",
    "pid": "71A1A800E8BC4BE99E7EDF6591E88244",
    "text": "陕西省",
    "state": "closed",
    "iconCls": "",
    "checked": "",
    "attributes": "",
    "children": "",
    "type": ""
  },
  {
    "uuid": "620000",
    "isDel": 0,
    "creatorId": "admin",
    "creator": "小策一喋",
    "createTime": "2017-02-15 09:16:02",
    "modifierId": "admin",
    "modifier": "小策一喋",
    "modifyTime": "2017-02-15 09:16:02",
    "remark": "",
    "sort": 28,
    "levelId": 4,
    "codeSetId": "AGA",
    "code": "",
    "status": "",
    "url": "",
    "id": "620000",
    "pid": "71A1A800E8BC4BE99E7EDF6591E88244",
    "text": "甘肃省",
    "state": "closed",
    "iconCls": "",
    "checked": "",
    "attributes": "",
    "children": "",
    "type": ""
  },
  {
    "uuid": "630000",
    "isDel": 0,
    "creatorId": "admin",
    "creator": "小策一喋",
    "createTime": "2017-02-15 09:16:02",
    "modifierId": "admin",
    "modifier": "小策一喋",
    "modifyTime": "2017-02-15 09:16:02",
    "remark": "",
    "sort": 29,
    "levelId": 4,
    "codeSetId": "AGA",
    "code": "",
    "status": "",
    "url": "",
    "id": "630000",
    "pid": "71A1A800E8BC4BE99E7EDF6591E88244",
    "text": "青海省",
    "state": "closed",
    "iconCls": "",
    "checked": "",
    "attributes": "",
    "children": "",
    "type": ""
  },
  {
    "uuid": "640000",
    "isDel": 0,
    "creatorId": "admin",
    "creator": "小策一喋",
    "createTime": "2017-02-15 09:16:02",
    "modifierId": "admin",
    "modifier": "小策一喋",
    "modifyTime": "2017-02-15 09:16:02",
    "remark": "",
    "sort": 30,
    "levelId": 4,
    "codeSetId": "AGA",
    "code": "",
    "status": "",
    "url": "",
    "id": "640000",
    "pid": "71A1A800E8BC4BE99E7EDF6591E88244",
    "text": "宁夏回族自治区",
    "state": "closed",
    "iconCls": "",
    "checked": "",
    "attributes": "",
    "children": "",
    "type": ""
  },
  {
    "uuid": "650000",
    "isDel": 0,
    "creatorId": "admin",
    "creator": "小策一喋",
    "createTime": "2017-02-15 09:16:02",
    "modifierId": "admin",
    "modifier": "小策一喋",
    "modifyTime": "2017-02-15 09:16:02",
    "remark": "",
    "sort": 31,
    "levelId": 4,
    "codeSetId": "AGA",
    "code": "",
    "status": "",
    "url": "",
    "id": "650000",
    "pid": "71A1A800E8BC4BE99E7EDF6591E88244",
    "text": "新疆维吾尔自治区",
    "state": "closed",
    "iconCls": "",
    "checked": "",
    "attributes": "",
    "children": "",
    "type": ""
  },
  {
    "uuid": "710000",
    "isDel": 0,
    "creatorId": "admin",
    "creator": "小策一喋",
    "createTime": "2017-02-15 09:16:02",
    "modifierId": "admin",
    "modifier": "小策一喋",
    "modifyTime": "2017-02-15 09:16:02",
    "remark": "",
    "sort": 32,
    "levelId": 4,
    "codeSetId": "AGA",
    "code": "",
    "status": "",
    "url": "",
    "id": "710000",
    "pid": "71A1A800E8BC4BE99E7EDF6591E88244",
    "text": "台湾省",
    "state": "closed",
    "iconCls": "",
    "checked": "",
    "attributes": "",
    "children": "",
    "type": ""
  },
  {
    "uuid": "810000",
    "isDel": 0,
    "creatorId": "admin",
    "creator": "小策一喋",
    "createTime": "2017-02-15 09:16:02",
    "modifierId": "admin",
    "modifier": "小策一喋",
    "modifyTime": "2017-02-15 09:16:02",
    "remark": "",
    "sort": 33,
    "levelId": 4,
    "codeSetId": "AGA",
    "code": "",
    "status": "",
    "url": "",
    "id": "810000",
    "pid": "71A1A800E8BC4BE99E7EDF6591E88244",
    "text": "香港特别行政区",
    "state": "closed",
    "iconCls": "",
    "checked": "",
    "attributes": "",
    "children": "",
    "type": ""
  },
  {
    "uuid": "820000",
    "isDel": 0,
    "creatorId": "admin",
    "creator": "小策一喋",
    "createTime": "2017-02-15 09:16:02",
    "modifierId": "admin",
    "modifier": "小策一喋",
    "modifyTime": "2017-02-15 09:16:02",
    "remark": "",
    "sort": 34,
    "levelId": 4,
    "codeSetId": "AGA",
    "code": "",
    "status": "",
    "url": "",
    "id": "820000",
    "pid": "71A1A800E8BC4BE99E7EDF6591E88244",
    "text": "澳门特别行政区",
    "state": "closed",
    "iconCls": "",
    "checked": "",
    "attributes": "",
    "children": "",
    "type": ""
  }
]