<?xml version="1.0" encoding="UTF-8" ?>
<!DOCTYPE mapper PUBLIC "-//mybatis.org//DTD Mapper 3.0//EN" "http://mybatis.org/dtd/mybatis-3-mapper.dtd" >
<mapper namespace="com.wf.ew.system.dao.LoginRecordMapper" >
  <resultMap id="BaseResultMap" type="com.wf.ew.system.model.LoginRecord" >
    <id column="id" property="id" jdbcType="VARCHAR" />
    <result column="user_id" property="userId" jdbcType="VARCHAR" />
    <result column="os_name" property="osName" jdbcType="VARCHAR" />
    <result column="device" property="device" jdbcType="VARCHAR" />
    <result column="browser_type" property="browserType" jdbcType="VARCHAR" />
    <result column="ip_address" property="ipAddress" jdbcType="VARCHAR" />
    <result column="create_time" property="createTime" jdbcType="TIMESTAMP" />
    <!-- 关联属性 -->
    <result column="user_nickname" property="userNickName" jdbcType="VARCHAR" />
    <result column="user_account" property="userAccount" jdbcType="VARCHAR" />
  </resultMap>
  <sql id="Example_Where_Clause" >
    <where >
      <foreach collection="oredCriteria" item="criteria" separator="or" >
        <if test="criteria.valid" >
          <trim prefix="(" suffix=")" prefixOverrides="and" >
            <foreach collection="criteria.criteria" item="criterion" >
              <choose >
                <when test="criterion.noValue" >
                  and ${criterion.condition}
                </when>
                <when test="criterion.singleValue" >
                  and ${criterion.condition} #{criterion.value}
                </when>
                <when test="criterion.betweenValue" >
                  and ${criterion.condition} #{criterion.value} and #{criterion.secondValue}
                </when>
                <when test="criterion.listValue" >
                  and ${criterion.condition}
                  <foreach collection="criterion.value" item="listItem" open="(" close=")" separator="," >
                    #{listItem}
                  </foreach>
                </when>
              </choose>
            </foreach>
          </trim>
        </if>
      </foreach>
    </where>
  </sql>
  <sql id="Update_By_Example_Where_Clause" >
    <where >
      <foreach collection="example.oredCriteria" item="criteria" separator="or" >
        <if test="criteria.valid" >
          <trim prefix="(" suffix=")" prefixOverrides="and" >
            <foreach collection="criteria.criteria" item="criterion" >
              <choose >
                <when test="criterion.noValue" >
                  and ${criterion.condition}
                </when>
                <when test="criterion.singleValue" >
                  and ${criterion.condition} #{criterion.value}
                </when>
                <when test="criterion.betweenValue" >
                  and ${criterion.condition} #{criterion.value} and #{criterion.secondValue}
                </when>
                <when test="criterion.listValue" >
                  and ${criterion.condition}
                  <foreach collection="criterion.value" item="listItem" open="(" close=")" separator="," >
                    #{listItem}
                  </foreach>
                </when>
              </choose>
            </foreach>
          </trim>
        </if>
      </foreach>
    </where>
  </sql>
  <sql id="Base_Column_List" >
    id, user_id, os_name, device, browser_type, ip_address, create_time
  </sql>
  <select id="selectByExample" resultMap="BaseResultMap" parameterType="com.wf.ew.system.model.LoginRecordExample" >
    select
    <if test="distinct" >
      distinct
    </if>
    <include refid="Base_Column_List" />
    from sys_login_record
    <if test="_parameter != null" >
      <include refid="Example_Where_Clause" />
    </if>
    <if test="orderByClause != null" >
      order by ${orderByClause}
    </if>
  </select>
  <select id="selectByPrimaryKey" resultMap="BaseResultMap" parameterType="java.lang.String" >
    select 
    <include refid="Base_Column_List" />
    from sys_login_record
    where id = #{id,jdbcType=VARCHAR}
  </select>
  <delete id="deleteByPrimaryKey" parameterType="java.lang.String" >
    delete from sys_login_record
    where id = #{id,jdbcType=VARCHAR}
  </delete>
  <delete id="deleteByExample" parameterType="com.wf.ew.system.model.LoginRecordExample" >
    delete from sys_login_record
    <if test="_parameter != null" >
      <include refid="Example_Where_Clause" />
    </if>
  </delete>
  <insert id="insert" parameterType="com.wf.ew.system.model.LoginRecord" >
    insert into sys_login_record (id, user_id, os_name, 
      device, browser_type, ip_address, 
      create_time)
    values (#{id,jdbcType=VARCHAR}, #{userId,jdbcType=VARCHAR}, #{osName,jdbcType=VARCHAR}, 
      #{device,jdbcType=VARCHAR}, #{browserType,jdbcType=VARCHAR}, #{ipAddress,jdbcType=VARCHAR}, 
      #{createTime,jdbcType=TIMESTAMP})
  </insert>
  <insert id="insertSelective" parameterType="com.wf.ew.system.model.LoginRecord" >
    insert into sys_login_record
    <trim prefix="(" suffix=")" suffixOverrides="," >
      <if test="id != null" >
        id,
      </if>
      <if test="userId != null" >
        user_id,
      </if>
      <if test="osName != null" >
        os_name,
      </if>
      <if test="device != null" >
        device,
      </if>
      <if test="browserType != null" >
        browser_type,
      </if>
      <if test="ipAddress != null" >
        ip_address,
      </if>
      <if test="createTime != null" >
        create_time,
      </if>
    </trim>
    <trim prefix="values (" suffix=")" suffixOverrides="," >
      <if test="id != null" >
        #{id,jdbcType=VARCHAR},
      </if>
      <if test="userId != null" >
        #{userId,jdbcType=VARCHAR},
      </if>
      <if test="osName != null" >
        #{osName,jdbcType=VARCHAR},
      </if>
      <if test="device != null" >
        #{device,jdbcType=VARCHAR},
      </if>
      <if test="browserType != null" >
        #{browserType,jdbcType=VARCHAR},
      </if>
      <if test="ipAddress != null" >
        #{ipAddress,jdbcType=VARCHAR},
      </if>
      <if test="createTime != null" >
        #{createTime,jdbcType=TIMESTAMP},
      </if>
    </trim>
  </insert>
  <select id="countByExample" parameterType="com.wf.ew.system.model.LoginRecordExample" resultType="java.lang.Integer" >
    select count(*) from sys_login_record
    <if test="_parameter != null" >
      <include refid="Example_Where_Clause" />
    </if>
  </select>
  <update id="updateByExampleSelective" parameterType="map" >
    update sys_login_record
    <set >
      <if test="record.id != null" >
        id = #{record.id,jdbcType=VARCHAR},
      </if>
      <if test="record.userId != null" >
        user_id = #{record.userId,jdbcType=VARCHAR},
      </if>
      <if test="record.osName != null" >
        os_name = #{record.osName,jdbcType=VARCHAR},
      </if>
      <if test="record.device != null" >
        device = #{record.device,jdbcType=VARCHAR},
      </if>
      <if test="record.browserType != null" >
        browser_type = #{record.browserType,jdbcType=VARCHAR},
      </if>
      <if test="record.ipAddress != null" >
        ip_address = #{record.ipAddress,jdbcType=VARCHAR},
      </if>
      <if test="record.createTime != null" >
        create_time = #{record.createTime,jdbcType=TIMESTAMP},
      </if>
    </set>
    <if test="_parameter != null" >
      <include refid="Update_By_Example_Where_Clause" />
    </if>
  </update>
  <update id="updateByExample" parameterType="map" >
    update sys_login_record
    set id = #{record.id,jdbcType=VARCHAR},
      user_id = #{record.userId,jdbcType=VARCHAR},
      os_name = #{record.osName,jdbcType=VARCHAR},
      device = #{record.device,jdbcType=VARCHAR},
      browser_type = #{record.browserType,jdbcType=VARCHAR},
      ip_address = #{record.ipAddress,jdbcType=VARCHAR},
      create_time = #{record.createTime,jdbcType=TIMESTAMP}
    <if test="_parameter != null" >
      <include refid="Update_By_Example_Where_Clause" />
    </if>
  </update>
  <update id="updateByPrimaryKeySelective" parameterType="com.wf.ew.system.model.LoginRecord" >
    update sys_login_record
    <set >
      <if test="userId != null" >
        user_id = #{userId,jdbcType=VARCHAR},
      </if>
      <if test="osName != null" >
        os_name = #{osName,jdbcType=VARCHAR},
      </if>
      <if test="device != null" >
        device = #{device,jdbcType=VARCHAR},
      </if>
      <if test="browserType != null" >
        browser_type = #{browserType,jdbcType=VARCHAR},
      </if>
      <if test="ipAddress != null" >
        ip_address = #{ipAddress,jdbcType=VARCHAR},
      </if>
      <if test="createTime != null" >
        create_time = #{createTime,jdbcType=TIMESTAMP},
      </if>
    </set>
    where id = #{id,jdbcType=VARCHAR}
  </update>
  <update id="updateByPrimaryKey" parameterType="com.wf.ew.system.model.LoginRecord" >
    update sys_login_record
    set user_id = #{userId,jdbcType=VARCHAR},
      os_name = #{osName,jdbcType=VARCHAR},
      device = #{device,jdbcType=VARCHAR},
      browser_type = #{browserType,jdbcType=VARCHAR},
      ip_address = #{ipAddress,jdbcType=VARCHAR},
      create_time = #{createTime,jdbcType=TIMESTAMP}
    where id = #{id,jdbcType=VARCHAR}
  </update>
  
  <!-- 查询登录日志 -->
  <select id="selectLoginRecords" resultMap="BaseResultMap" parameterType="string">
  SELECT a.*,b.user_nickname,b.user_account FROM sys_login_record a,sys_user b WHERE a.user_id=b.user_id 
  <if test="startDate != null">
	AND a.create_time&gt;=#{startDate}
  </if>
  <if test="endDate != null">
	AND a.create_time&lt;=#{endDate}
  </if>
  <if test="searchAccount != null">
  	AND b.user_account=#{searchAccount}
  </if>
  ORDER BY a.create_time DESC
  </select>
</mapper>