{
  "uuid": "06CFC35B-B75F-11E4-B135-782BCBD7746B",
  "category_id": "953219F9-B3F3-11E4-9DEA-782BCBD7746B",
  "code": "5103",
  "name": "\u6717\u745e\u7279\u5bb6\u7528\u65e0\u7ebf\u667a\u80fd\u95e8\u94c3",
  "sj": "2",
  "tz": "2,3",
  "parent_id": "0",
  "sale_price": "88.00",
  "spec": "\u767d\u8272LR-1688BY-2",
  "unit_id": "5D6D901E-B3F3-11E4-9DEA-782BCBD7746B",
  "purchase_price": null,
  "py": "LRTJYWXZNML",
  "spec_py": null,
  "bar_code": null,
  "data_org": "01010001",
  "memo": null,
  "company_id": "4D74E1E4-A129-11E4-9B6A-782BCBD7746B",
  "brand_id": null,
  "unit": null,
  "recommend": "1"
}