{
  "total": 23,
  "rows": [
    {
      "uuid": "8aa08e8358cd79e90158cd8528140056",
      "isDel": 0,
      "creatorId": "admin",
      "creator": "超级管理员",
      "createTime": "2016-12-05 13:46:45",
      "modifierId": null,
      "modifier": null,
      "modifyTime": null,
      "remark": null,
      "type": "sysConfig",
      "name": "开发平台系统版本发布日期",
      "code": "cfgSystemVersionPublishDate",
      "value": "20161205",
      "description": "开发平台系统版本发布日期",
      "modifyFlag": 1,
      "sort": 22
    },
    {
      "uuid": "8aa08e8358cd79e90158cd82da29004f",
      "isDel": 0,
      "creatorId": "admin",
      "creator": "超级管理员",
      "createTime": "2016-12-05 13:44:14",
      "modifierId": "admin",
      "modifier": "超级管理员",
      "modifyTime": "2016-12-05 13:48:34",
      "remark": null,
      "type": "sysConfig",
      "name": "开发平台系统版本",
      "code": "cfgSystemVersion",
      "value": "企业正式版 V2.3",
      "description": "开发平台系统版本",
      "modifyFlag": 1,
      "sort": 21
    },
    {
      "uuid": "8aa08e8358cd79e90158cd813ae60042",
      "isDel": 0,
      "creatorId": "admin",
      "creator": "超级管理员",
      "createTime": "2016-12-05 13:42:28",
      "modifierId": null,
      "modifier": null,
      "modifyTime": null,
      "remark": null,
      "type": "sysConfig",
      "name": "开发平台公司名称缩写",
      "code": "cfgSystemCompanyNameShort",
      "value": "易网时代",
      "description": "开发平台公司名称缩写",
      "modifyFlag": 1,
      "sort": 3
    },
    {
      "uuid": "8aa08e83587124e50158715225ef00ab",
      "isDel": 0,
      "creatorId": "cni23",
      "creator": "赵峡策",
      "createTime": "2016-11-17 16:05:58",
      "modifierId": null,
      "modifier": null,
      "modifyTime": null,
      "remark": null,
      "type": "sysConfig",
      "name": "财务信息管理主题",
      "code": "cfgFinanceTheme",
      "value": "finance",
      "description": "财务信息管理主题",
      "modifyFlag": 1,
      "sort": 20
    },
    {
      "uuid": "40288184585768400158576dd6bf0497",
      "isDel": 0,
      "creatorId": "cni23",
      "creator": "赵峡策",
      "createTime": "2016-11-12 15:26:06",
      "modifierId": "cni23",
      "modifier": "赵峡策",
      "modifyTime": "2016-11-12 15:26:15",
      "remark": null,
      "type": "sysConfig",
      "name": "门户网站管理主题",
      "code": "cfgSiteTheme",
      "value": "site",
      "description": "门户网站管理主题",
      "modifyFlag": 1,
      "sort": 19
    },
    {
      "uuid": "4028d48158252d080158278a1dca0b47",
      "isDel": 0,
      "creatorId": "cni23",
      "creator": "赵峡策",
      "createTime": "2016-11-03 08:15:12",
      "modifierId": null,
      "modifier": null,
      "modifyTime": null,
      "remark": null,
      "type": "sysConfig",
      "name": "开发平台公司网址",
      "code": "cfgSystemCompanyWebsite",
      "value": "http://www.ewsd.cn",
      "description": "研发本系统的提供技术支持的公司网址",
      "modifyFlag": 0,
      "sort": 3
    },
    {
      "uuid": "4028d48158252d0801582789581d0b42",
      "isDel": 0,
      "creatorId": "cni23",
      "creator": "赵峡策",
      "createTime": "2016-11-03 08:14:22",
      "modifierId": null,
      "modifier": null,
      "modifyTime": null,
      "remark": null,
      "type": "sysConfig",
      "name": "开发平台公司Email",
      "code": "cfgSystemCompanyEmail",
      "value": "service@ewsd.cn",
      "description": "研发本系统的提供技术支持的公司邮箱",
      "modifyFlag": 0,
      "sort": 5
    },
    {
      "uuid": "4028d48158252d0801582787a6180b3d",
      "isDel": 0,
      "creatorId": "cni23",
      "creator": "赵峡策",
      "createTime": "2016-11-03 08:12:31",
      "modifierId": null,
      "modifier": null,
      "modifyTime": null,
      "remark": null,
      "type": "sysConfig",
      "name": "开发平台公司电话",
      "code": "cfgSystemCompanyTelephone",
      "value": "0755-88888888",
      "description": "研发本系统的提供技术支持的公司联系电话",
      "modifyFlag": 0,
      "sort": 4
    },
    {
      "uuid": "4028d48158252d080158278582c50b34",
      "isDel": 0,
      "creatorId": "cni23",
      "creator": "赵峡策",
      "createTime": "2016-11-03 08:10:11",
      "modifierId": null,
      "modifier": null,
      "modifyTime": null,
      "remark": null,
      "type": "sysConfig",
      "name": "开发平台公司名称",
      "code": "cfgSystemCompanyName",
      "value": "易网时代（深圳）信息技术有限公司",
      "description": "研发本系统的提供技术支持的公司名称",
      "modifyFlag": 0,
      "sort": 2
    },
    {
      "uuid": "4028d4815822b999015823008e5900d3",
      "isDel": 0,
      "creatorId": "cni23",
      "creator": "赵峡策",
      "createTime": "2016-11-02 11:06:28",
      "modifierId": "admin",
      "modifier": "小策一喋",
      "modifyTime": "2017-03-28 09:10:40",
      "remark": null,
      "type": "siteConfig",
      "name": "公司地址",
      "code": "cfgCompanyAdress",
      "value": "深圳南山区创业路中兴工业城13栋",
      "description": "网站上显示的公司地址",
      "modifyFlag": 1,
      "sort": 13
    },
    {
      "uuid": "402881f358225213015822aa5a2f0029",
      "isDel": 0,
      "creatorId": "cni23",
      "creator": "赵峡策",
      "createTime": "2016-11-02 09:32:19",
      "modifierId": null,
      "modifier": null,
      "modifyTime": null,
      "remark": null,
      "type": "sysConfig",
      "name": "手机APP主题",
      "code": "cfgMobileTheme",
      "value": "mobile",
      "description": "手机APP主题风格",
      "modifyFlag": 1,
      "sort": 16
    },
    {
      "uuid": "4028886d58149da0015814b814a30100",
      "isDel": 0,
      "creatorId": "cni23",
      "creator": "赵峡策",
      "createTime": "2016-10-30 16:32:38",
      "modifierId": null,
      "modifier": null,
      "modifyTime": null,
      "remark": null,
      "type": "sysConfig",
      "name": "协同办公平台主题",
      "code": "cfgPortalTheme",
      "value": "portal",
      "description": "协同办公平台主题",
      "modifyFlag": 1,
      "sort": 18
    },
    {
      "uuid": "4028886d58149da0015814b695de00e9",
      "isDel": 0,
      "creatorId": "cni23",
      "creator": "赵峡策",
      "createTime": "2016-10-30 16:31:00",
      "modifierId": null,
      "modifier": null,
      "modifyTime": null,
      "remark": null,
      "type": "sysConfig",
      "name": "OA系统主题",
      "code": "cfgOaTheme",
      "value": "oa",
      "description": "OA办公系统的主题",
      "modifyFlag": 1,
      "sort": 17
    },
    {
      "uuid": "4028886d58149da0015814acf6fe0064",
      "isDel": 0,
      "creatorId": "cni23",
      "creator": "赵峡策",
      "createTime": "2016-10-30 16:20:29",
      "modifierId": "cni23",
      "modifier": "赵峡策",
      "modifyTime": "2016-10-30 16:21:15",
      "remark": null,
      "type": "sysConfig",
      "name": "平台主题",
      "code": "cfgSystemTheme",
      "value": "system",
      "description": "系统管理平台的界面主题",
      "modifyFlag": 0,
      "sort": 14
    },
    {
      "uuid": "4028886d58149da0015814a263480040",
      "isDel": 0,
      "creatorId": "cni23",
      "creator": "赵峡策",
      "createTime": "2016-10-30 16:08:56",
      "modifierId": "admin",
      "modifier": "小策一喋",
      "modifyTime": "2017-03-27 10:00:45",
      "remark": null,
      "type": "sysConfig",
      "name": "网站主题",
      "code": "cfgHomeTheme",
      "value": "topjui",
      "description": "网站的主题风格",
      "modifyFlag": 1,
      "sort": 15
    },
    {
      "uuid": "402881f357dfe9bf0157dfeb8dff000f",
      "isDel": 0,
      "creatorId": "cni23",
      "creator": "赵峡策",
      "createTime": "2016-10-20 10:28:58",
      "modifierId": "cni23",
      "modifier": "赵峡策",
      "modifyTime": "2016-11-03 08:38:51",
      "remark": null,
      "type": "siteConfig",
      "name": "公司网址",
      "code": "cfgConpanySite",
      "value": "http://www.ewsd.cn",
      "description": "公司网站地址",
      "modifyFlag": 1,
      "sort": 7
    },
    {
      "uuid": "402881f357dfe05e0157dfe6ea5c002d",
      "isDel": 0,
      "creatorId": "cni23",
      "creator": "赵峡策",
      "createTime": "2016-10-20 10:23:54",
      "modifierId": "cni23",
      "modifier": "赵峡策",
      "modifyTime": "2016-11-03 08:39:27",
      "remark": null,
      "type": "siteConfig",
      "name": "网站备案号",
      "code": "cfgSiteBeian",
      "value": "粤ICP备16028103号-2",
      "description": "网站上显示的备案号",
      "modifyFlag": 1,
      "sort": 8
    },
    {
      "uuid": "402881f357dfe05e0157dfe56a770028",
      "isDel": 0,
      "creatorId": "cni23",
      "creator": "赵峡策",
      "createTime": "2016-10-20 10:22:16",
      "modifierId": "admin",
      "modifier": "小策一喋",
      "modifyTime": "2017-03-28 15:00:51",
      "remark": null,
      "type": "siteConfig",
      "name": "电子邮箱",
      "code": "cfgCompanyEmail",
      "value": "service#ewsd.cn（#号换成@）",
      "description": "网站上显示的电子邮箱",
      "modifyFlag": 1,
      "sort": 12
    },
    {
      "uuid": "402881f357dfe05e0157dfe51c5f0023",
      "isDel": 0,
      "creatorId": "cni23",
      "creator": "赵峡策",
      "createTime": "2016-10-20 10:21:56",
      "modifierId": "admin",
      "modifier": "小策一喋",
      "modifyTime": "2017-03-28 09:09:06",
      "remark": null,
      "type": "siteConfig",
      "name": "手机",
      "code": "cfgCompanyMobile",
      "value": "18588220078",
      "description": "网站上显示的手机",
      "modifyFlag": 1,
      "sort": 11
    },
    {
      "uuid": "402881f357dfe05e0157dfe49dc8001e",
      "isDel": 0,
      "creatorId": "cni23",
      "creator": "赵峡策",
      "createTime": "2016-10-20 10:21:24",
      "modifierId": "admin",
      "modifier": "小策一喋",
      "modifyTime": "2017-03-29 10:44:53",
      "remark": null,
      "type": "siteConfig",
      "name": "固定电话",
      "code": "cfgCompanyTelephone",
      "value": "0755-33942020",
      "description": "网站上显示的固定电话",
      "modifyFlag": 1,
      "sort": 10
    }
  ]
}